provider,model,survey,prompt_uid,N,alpha_considerations,alpha_policies,alpha_all
anthropic,claude-3-5-sonnet-20241022,biobanking_mayo_ubc,ana,5,0.840684979749956,0.7816666666666666,0.8687600244721134
anthropic,claude-3-5-sonnet-20241022,biobanking_mayo_ubc,coa,5,0.9449234236114008,0.7835451977401131,0.9381839151593576
anthropic,claude-3-5-sonnet-20241022,biobanking_mayo_ubc,con,5,0.9228633851690015,0.69,0.9312979646312979
anthropic,claude-3-5-sonnet-20241022,biobanking_mayo_ubc,csk,5,0.9820242777989256,0.8001644736842105,0.9798253167671299
anthropic,claude-3-5-sonnet-20241022,biobanking_mayo_ubc,ctr,5,0.9386386639676114,0.7536666666666667,0.9397458850412898
anthropic,claude-3-5-sonnet-20241022,biobanking_mayo_ubc,dis,5,0.9219188078503668,0.7456140350877194,0.8901910360029389
anthropic,claude-3-5-sonnet-20241022,biobanking_mayo_ubc,eco,5,0.8889684101707717,0.6946969696969697,0.8933070434877862
anthropic,claude-3-5-sonnet-20241022,biobanking_mayo_ubc,eld,5,0.9523883374689825,0.8292483660130718,0.9519011943423257
anthropic,claude-3-5-sonnet-20241022,biobanking_mayo_ubc,far,5,0.9180502195389685,0.8025599128540305,0.9117132867132869
anthropic,claude-3-5-sonnet-20241022,biobanking_mayo_ubc,fas,5,0.8823529411764706,0.7659214092140921,0.7790768760507413
anthropic,claude-3-5-sonnet-20241022,biobanking_mayo_ubc,fem,5,0.9279359269393155,0.7044025157232705,0.9180645571228871
anthropic,claude-3-5-sonnet-20241022,biobanking_mayo_ubc,fis,5,0.8837280366692135,0.7587412587412589,0.8943895753268045
anthropic,claude-3-5-sonnet-20241022,biobanking_mayo_ubc,fun,5,0.906551600143833,0.7133534136546186,0.9222872822598426
anthropic,claude-3-5-sonnet-20241022,biobanking_mayo_ubc,lan,5,0.9422268907563024,0.8152322404371585,0.9383096043879102
anthropic,claude-3-5-sonnet-20241022,biobanking_mayo_ubc,lib,5,0.939491093602809,0.77483164983165,0.9352838030351026
anthropic,claude-3-5-sonnet-20241022,biobanking_mayo_ubc,nat,5,0.9407054087169612,0.5647058823529412,0.9465965562398851
anthropic,claude-3-5-sonnet-20241022,biobanking_mayo_ubc,par,5,0.9070394163763067,0.8176229508196723,0.8993728222996515
anthropic,claude-3-5-sonnet-20241022,biobanking_mayo_ubc,pop,5,0.869441723800196,0.8140547263681592,0.8856419174353546
anthropic,claude-3-5-sonnet-20241022,biobanking_mayo_ubc,soc,5,0.8731318327974277,0.7468847352024924,0.9054267096412558
anthropic,claude-3-5-sonnet-20241022,biobanking_mayo_ubc,sub,5,0.9483865638766519,0.8238304093567251,0.9439583308930042
anthropic,claude-3-5-sonnet-20241022,biobanking_mayo_ubc,vil,5,0.9110641567422206,0.6585051546391752,0.9163169949610628
anthropic,claude-3-5-sonnet-20241022,ccps,ana,5,0.857828947368421,0.7135135135135134,0.8868492618492618
anthropic,claude-3-5-sonnet-20241022,ccps,coa,5,0.7919037199124728,0.5901162790697675,0.8361883746588468
anthropic,claude-3-5-sonnet-20241022,ccps,con,5,0.9009312780989083,0.5913242009132421,0.8989953049358992
anthropic,claude-3-5-sonnet-20241022,ccps,csk,5,0.7681522283425136,0.7777777777777777,0.7464503042596349
anthropic,claude-3-5-sonnet-20241022,ccps,ctr,5,0.942094861660079,0.7400497512437813,0.9343690194754024
anthropic,claude-3-5-sonnet-20241022,ccps,dis,5,0.8660228270412642,0.7326923076923078,0.8677084945071948
anthropic,claude-3-5-sonnet-20241022,ccps,eco,5,0.8630952380952382,0.7567164179104477,0.8977777777777778
anthropic,claude-3-5-sonnet-20241022,ccps,eld,5,0.908972103543604,0.673076923076923,0.9008852963818323
anthropic,claude-3-5-sonnet-20241022,ccps,far,5,0.9010825727021864,0.6319444444444445,0.9164143499403615
anthropic,claude-3-5-sonnet-20241022,ccps,fas,5,0.93155786384217,0.8270270270270268,0.9336794253392094
anthropic,claude-3-5-sonnet-20241022,ccps,fem,5,0.893510054844607,0.7645161290322582,0.8310333930264404
anthropic,claude-3-5-sonnet-20241022,ccps,fis,5,0.9411111111111111,0.7763480392156864,0.9284307820607857
anthropic,claude-3-5-sonnet-20241022,ccps,fun,5,0.8954152390275738,0.7740384615384617,0.9113225022458373
anthropic,claude-3-5-sonnet-20241022,ccps,lan,5,0.9326442787981251,0.6889367816091955,0.9234627108948288
anthropic,claude-3-5-sonnet-20241022,ccps,lib,5,0.9344263217097865,0.8029411764705883,0.9407223415682061
anthropic,claude-3-5-sonnet-20241022,ccps,nat,5,0.9318052465462825,0.7744252873563218,0.9481131132798187
anthropic,claude-3-5-sonnet-20241022,ccps,par,5,0.9145086606070999,0.7276595744680852,0.8958426966292136
anthropic,claude-3-5-sonnet-20241022,ccps,pop,5,0.9596911906094395,0.86448087431694,0.9660642240168779
anthropic,claude-3-5-sonnet-20241022,ccps,soc,5,0.8405797101449276,0.6980769230769233,0.8571428571428571
anthropic,claude-3-5-sonnet-20241022,ccps,sub,5,0.8700121483973462,0.7975260416666664,0.8827657185628746
anthropic,claude-3-5-sonnet-20241022,ccps,vil,5,0.8664615384615387,0.7908653846153846,0.8021159874608152
anthropic,claude-3-5-sonnet-20241022,energy_futures,ana,5,0.9585365535871724,0.8481907894736843,0.9395412209704317
anthropic,claude-3-5-sonnet-20241022,energy_futures,coa,5,0.8813768870380009,0.77088948787062,0.9027234901021306
anthropic,claude-3-5-sonnet-20241022,energy_futures,con,5,0.8929245199851895,0.6946536144578312,0.8934568230277184
anthropic,claude-3-5-sonnet-20241022,energy_futures,csk,5,0.9151759147933594,0.7264150943396227,0.9187004370491284
anthropic,claude-3-5-sonnet-20241022,energy_futures,ctr,5,0.8957058507783143,0.6854395604395604,0.8852632296781232
anthropic,claude-3-5-sonnet-20241022,energy_futures,dis,5,0.9221732110938129,0.7632950990615223,0.9173200680523707
anthropic,claude-3-5-sonnet-20241022,energy_futures,eco,5,0.9499543795620439,0.6793650793650795,0.9329601696912562
anthropic,claude-3-5-sonnet-20241022,energy_futures,eld,5,0.9091446614488087,0.6932084309133489,0.9287338212199904
anthropic,claude-3-5-sonnet-20241022,energy_futures,far,5,0.9423169973042096,0.7666666666666667,0.9474605407094858
anthropic,claude-3-5-sonnet-20241022,energy_futures,fas,5,0.8967087263669401,0.6260869565217392,0.9190469756339232
anthropic,claude-3-5-sonnet-20241022,energy_futures,fem,5,0.9304232711254816,0.7702702702702702,0.9379787828029029
anthropic,claude-3-5-sonnet-20241022,energy_futures,fis,5,0.9146363696632192,0.7861271676300579,0.9348460367482105
anthropic,claude-3-5-sonnet-20241022,energy_futures,fun,5,0.9598087276228826,0.8352272727272727,0.960197346489766
anthropic,claude-3-5-sonnet-20241022,energy_futures,lan,5,0.9510654929618545,0.657726377952756,0.9517597903130293
anthropic,claude-3-5-sonnet-20241022,energy_futures,lib,5,0.9478135696234925,0.7612680288461539,0.9429920803968378
anthropic,claude-3-5-sonnet-20241022,energy_futures,nat,5,0.9660482670082221,0.8311567164179104,0.9673645379274614
anthropic,claude-3-5-sonnet-20241022,energy_futures,par,5,0.9194252922787034,0.7761529808773902,0.9391245616095851
anthropic,claude-3-5-sonnet-20241022,energy_futures,pop,5,0.9837835829289455,0.9146341463414633,0.9855588088030335
anthropic,claude-3-5-sonnet-20241022,energy_futures,soc,5,0.9417706476530004,0.948051948051948,0.9470461244654791
anthropic,claude-3-5-sonnet-20241022,energy_futures,sub,5,0.9216274089935759,0.881720430107527,0.9206747625066435
anthropic,claude-3-5-sonnet-20241022,energy_futures,vil,5,0.9281292222065376,0.5166340508806262,0.9307359307359307
anthropic,claude-3-5-sonnet-20241022,fnqcj,ana,5,0.9533001265910644,0.7407407407407407,0.9593739715508101
anthropic,claude-3-5-sonnet-20241022,fnqcj,coa,5,0.8584859782784893,0.8055555555555556,0.8783602150537633
anthropic,claude-3-5-sonnet-20241022,fnqcj,con,5,0.9437379146214486,0.8333333333333333,0.9481171044026023
anthropic,claude-3-5-sonnet-20241022,fnqcj,csk,5,0.801653009524618,1,0.794184789138532
anthropic,claude-3-5-sonnet-20241022,fnqcj,ctr,5,0.9655329682600094,0.75,0.969510352080548
anthropic,claude-3-5-sonnet-20241022,fnqcj,dis,5,0.8949864186731734,0.7999999999999999,0.8990007059833911
anthropic,claude-3-5-sonnet-20241022,fnqcj,eco,5,0.9172250027399261,0.7142857142857141,0.9206973477650168
anthropic,claude-3-5-sonnet-20241022,fnqcj,eld,5,0.8683068950180801,0.6274509803921569,0.8764732232502819
anthropic,claude-3-5-sonnet-20241022,fnqcj,far,5,0.8752763317407116,0.7999999999999999,0.910884399702723
anthropic,claude-3-5-sonnet-20241022,fnqcj,fas,5,0.8594825202653289,1,0.8559359554068467
anthropic,claude-3-5-sonnet-20241022,fnqcj,fem,5,0.9080512054064591,0.6296296296296299,0.9126381046910848
anthropic,claude-3-5-sonnet-20241022,fnqcj,fis,5,0.933336870911255,0.5490196078431372,0.9357384718063643
anthropic,claude-3-5-sonnet-20241022,fnqcj,fun,5,0.9057982591802043,0.6172839506172837,0.9134113054707678
anthropic,claude-3-5-sonnet-20241022,fnqcj,lan,5,0.979269310639684,0.6249999999999999,0.9798677051289937
anthropic,claude-3-5-sonnet-20241022,fnqcj,lib,5,0.9042029773281197,0.8571428571428571,0.9129362469502491
anthropic,claude-3-5-sonnet-20241022,fnqcj,nat,5,0.8890900423368107,1,0.8939707984480295
anthropic,claude-3-5-sonnet-20241022,fnqcj,par,5,0.9016120979608997,0.7777777777777777,0.9067493801695938
anthropic,claude-3-5-sonnet-20241022,fnqcj,pop,5,0.938641999477943,0.6388888888888886,0.9411431701972243
anthropic,claude-3-5-sonnet-20241022,fnqcj,soc,5,0.9041683708981838,0.875,0.9172191058983512
anthropic,claude-3-5-sonnet-20241022,fnqcj,sub,5,0.8845336882947693,1,0.8929477919512933
anthropic,claude-3-5-sonnet-20241022,fnqcj,vil,5,0.8392244790292799,0.42279411764705854,0.8728646407916291
anthropic,claude-3-5-sonnet-20241022,forestera,ana,5,0.9018753624072998,0.8624744376278118,0.9084142710722825
anthropic,claude-3-5-sonnet-20241022,forestera,coa,5,0.9399875326212136,0.7679999999999997,0.946165191740413
anthropic,claude-3-5-sonnet-20241022,forestera,con,5,0.906531091122409,0.5625,0.9086959905476826
anthropic,claude-3-5-sonnet-20241022,forestera,csk,5,0.8953051643192489,0.8614864864864867,0.9077927007827042
anthropic,claude-3-5-sonnet-20241022,forestera,ctr,5,0.9544444289129005,0.7925373134328355,0.9586441668492952
anthropic,claude-3-5-sonnet-20241022,forestera,dis,5,0.9408869951389305,0.6657608695652175,0.9373002729117585
anthropic,claude-3-5-sonnet-20241022,forestera,eco,5,0.9090433326355453,0.7238095238095238,0.9014157837047861
anthropic,claude-3-5-sonnet-20241022,forestera,eld,5,0.9383951485428198,0.8709677419354839,0.9373761728533513
anthropic,claude-3-5-sonnet-20241022,forestera,far,5,0.9586980055411828,0.7465116279069767,0.9602331849808813
anthropic,claude-3-5-sonnet-20241022,forestera,fas,5,0.9420994005481541,0.7636363636363638,0.946303784397221
anthropic,claude-3-5-sonnet-20241022,forestera,fem,5,0.925889647735442,0.7182835820895523,0.9326770403302634
anthropic,claude-3-5-sonnet-20241022,forestera,fis,5,0.92043534762833,0.8076923076923077,0.9314983460611753
anthropic,claude-3-5-sonnet-20241022,forestera,fun,5,0.8918221277155446,0.8703457446808511,0.931134231226269
anthropic,claude-3-5-sonnet-20241022,forestera,lan,5,0.9126879699248122,0.6461538461538462,0.9313077939233818
anthropic,claude-3-5-sonnet-20241022,forestera,lib,5,0.9298239448993215,0.8650568181818182,0.9381990366560535
anthropic,claude-3-5-sonnet-20241022,forestera,nat,5,0.8983852232383882,0.8676923076923077,0.934177025610304
anthropic,claude-3-5-sonnet-20241022,forestera,par,5,0.93931334622824,0.6657608695652175,0.9374924346962988
anthropic,claude-3-5-sonnet-20241022,forestera,pop,5,0.9523748535811581,0.64453125,0.9500562620751153
anthropic,claude-3-5-sonnet-20241022,forestera,soc,5,0.865878208354303,0.6840909090909092,0.8580958663557219
anthropic,claude-3-5-sonnet-20241022,forestera,sub,5,0.9278965521115367,0.823076923076923,0.9341070277240487
anthropic,claude-3-5-sonnet-20241022,forestera,vil,5,0.9549181713927312,0.7245283018867923,0.9594412951943847
anthropic,claude-3-5-sonnet-20241022,fremantle,ana,5,0.9538704779020764,0.7239130434782607,0.9460733429762616
anthropic,claude-3-5-sonnet-20241022,fremantle,coa,5,0.9082244071717755,0.5867647058823529,0.9304899875897251
anthropic,claude-3-5-sonnet-20241022,fremantle,con,5,0.943089628567029,0.6446808510638299,0.944043065590027
anthropic,claude-3-5-sonnet-20241022,fremantle,csk,5,0.8677869434796337,0.6137931034482759,0.8612010634678628
anthropic,claude-3-5-sonnet-20241022,fremantle,ctr,5,0.9011635020064596,0.7392857142857143,0.9178004612045576
anthropic,claude-3-5-sonnet-20241022,fremantle,dis,5,0.9313621964097148,0.838392857142857,0.9399823071479123
anthropic,claude-3-5-sonnet-20241022,fremantle,eco,5,0.9246362061236111,0.8795454545454545,0.9373591052547376
anthropic,claude-3-5-sonnet-20241022,fremantle,eld,5,0.942871944149789,0.8427272727272725,0.9559393411273461
anthropic,claude-3-5-sonnet-20241022,fremantle,far,5,0.9103838003296444,0.36346153846153834,0.9192436532764875
anthropic,claude-3-5-sonnet-20241022,fremantle,fas,5,0.9626436781609196,0.5535714285714284,0.963624235004143
anthropic,claude-3-5-sonnet-20241022,fremantle,fem,5,0.919350284298751,0.5625,0.9264089363503529
anthropic,claude-3-5-sonnet-20241022,fremantle,fis,5,0.9267013028768515,0.7959183673469387,0.935363477226938
anthropic,claude-3-5-sonnet-20241022,fremantle,fun,5,0.9634587216006482,0.6976744186046511,0.9639925040157057
anthropic,claude-3-5-sonnet-20241022,fremantle,lan,5,0.9405561034581491,0.7392,0.9416666666666667
anthropic,claude-3-5-sonnet-20241022,fremantle,lib,5,0.9316513070966231,0.7484536082474227,0.9322922555115885
anthropic,claude-3-5-sonnet-20241022,fremantle,nat,5,0.9376353247794706,0.7344827586206896,0.9471251050024624
anthropic,claude-3-5-sonnet-20241022,fremantle,par,5,0.9083928203720227,0.8543999999999999,0.9359757065735153
anthropic,claude-3-5-sonnet-20241022,fremantle,pop,5,0.9605405013685342,0.89,0.9600108878006904
anthropic,claude-3-5-sonnet-20241022,fremantle,soc,5,0.9254949741090465,0.6339622641509433,0.932160097845122
anthropic,claude-3-5-sonnet-20241022,fremantle,sub,5,0.8814775725593667,0.6493150684931505,0.9043732253479903
anthropic,claude-3-5-sonnet-20241022,fremantle,vil,5,0.8871632329635498,0.6358208955223879,0.910999315176737
anthropic,claude-3-5-sonnet-20241022,uppsala_speaks,ana,5,0.8369434416365824,0.6359953703703703,0.8024658172499685
anthropic,claude-3-5-sonnet-20241022,uppsala_speaks,coa,5,0.9260449602168096,0.5515151515151515,0.9127804878048781
anthropic,claude-3-5-sonnet-20241022,uppsala_speaks,con,5,0.84046511627907,0.5692771084337349,0.8544977298524404
anthropic,claude-3-5-sonnet-20241022,uppsala_speaks,csk,5,0.7869251235271759,0.7179487179487181,0.8607198748043817
anthropic,claude-3-5-sonnet-20241022,uppsala_speaks,ctr,5,0.9533509066219347,0.70343137254902,0.9461806328156291
anthropic,claude-3-5-sonnet-20241022,uppsala_speaks,dis,5,0.9586297309621522,0.7451612903225806,0.9495052623575798
anthropic,claude-3-5-sonnet-20241022,uppsala_speaks,eco,5,0.9104274686023736,0.518617021276596,0.8642010431484117
anthropic,claude-3-5-sonnet-20241022,uppsala_speaks,eld,5,0.8805717998700455,0.6955645161290324,0.8652777777777778
anthropic,claude-3-5-sonnet-20241022,uppsala_speaks,far,5,0.9400670279520821,0.6856060606060606,0.9347736774692476
anthropic,claude-3-5-sonnet-20241022,uppsala_speaks,fas,5,0.788775123246113,0.7416666666666668,0.8394043528064147
anthropic,claude-3-5-sonnet-20241022,uppsala_speaks,fem,5,0.9053632760898284,0.6901041666666665,0.842627883650953
anthropic,claude-3-5-sonnet-20241022,uppsala_speaks,fis,5,0.9500736710869319,0.6807692307692307,0.930050727834142
anthropic,claude-3-5-sonnet-20241022,uppsala_speaks,fun,5,0.8616198784470995,0.5175,0.8459105286940805
anthropic,claude-3-5-sonnet-20241022,uppsala_speaks,lan,5,0.9673787247850306,0.8178082191780822,0.9628013712213502
anthropic,claude-3-5-sonnet-20241022,uppsala_speaks,lib,5,0.9683432330392807,0.6363636363636365,0.9707123553107948
anthropic,claude-3-5-sonnet-20241022,uppsala_speaks,nat,5,0.7707994359474998,0.6575757575757576,0.8114329490733988
anthropic,claude-3-5-sonnet-20241022,uppsala_speaks,par,5,0.9512083333333331,0.7444852941176471,0.9374580443052136
anthropic,claude-3-5-sonnet-20241022,uppsala_speaks,pop,5,0.8437048917401766,0.6375368731563421,0.8577567194547602
anthropic,claude-3-5-sonnet-20241022,uppsala_speaks,soc,5,0.810946637426901,0.6692307692307692,0.818177525967895
anthropic,claude-3-5-sonnet-20241022,uppsala_speaks,sub,5,0.9039195771972386,0.8296296296296296,0.930810175784649
anthropic,claude-3-5-sonnet-20241022,uppsala_speaks,vil,5,0.9541954550632953,0.5935672514619885,0.9502089305670278
anthropic,claude-3-5-sonnet-20241022,zh_winterthur,ana,5,0.8682692307692307,0.6435483870967741,0.8849166942513516
anthropic,claude-3-5-sonnet-20241022,zh_winterthur,coa,5,0.9164639091646392,0.7783783783783784,0.844566210045662
anthropic,claude-3-5-sonnet-20241022,zh_winterthur,con,5,0.8743961352657006,0.8387755102040817,0.869098712446352
anthropic,claude-3-5-sonnet-20241022,zh_winterthur,csk,5,0.6234076433121021,0.8452380952380955,0.8202042304886942
anthropic,claude-3-5-sonnet-20241022,zh_winterthur,ctr,5,0.911578947368421,0.8217592592592593,0.900974025974026
anthropic,claude-3-5-sonnet-20241022,zh_winterthur,dis,5,0.9272070812951316,0.7857142857142857,0.914072839566688
anthropic,claude-3-5-sonnet-20241022,zh_winterthur,eco,5,0.8866666666666667,0.85531914893617,0.8585494716618635
anthropic,claude-3-5-sonnet-20241022,zh_winterthur,eld,5,0.9328114807566863,0.798611111111111,0.8919949174078782
anthropic,claude-3-5-sonnet-20241022,zh_winterthur,far,5,0.870488322717622,0.7783783783783784,0.83904052936311
anthropic,claude-3-5-sonnet-20241022,zh_winterthur,fas,5,0.5393382352941176,0.6670673076923078,0.7415002124946874
anthropic,claude-3-5-sonnet-20241022,zh_winterthur,fem,5,0.7135135135135134,0.8790697674418604,0.8968990193479988
anthropic,claude-3-5-sonnet-20241022,zh_winterthur,fis,5,0.8925339366515836,0.798611111111111,0.8998849252013809
anthropic,claude-3-5-sonnet-20241022,zh_winterthur,fun,5,0.9902946883761808,0.9016666666666666,0.9900343804572154
anthropic,claude-3-5-sonnet-20241022,zh_winterthur,lan,5,0.8678500986193294,0.798611111111111,0.8669178680646571
anthropic,claude-3-5-sonnet-20241022,zh_winterthur,lib,5,0.889248181083266,0.8313253012048192,0.8873356631719089
anthropic,claude-3-5-sonnet-20241022,zh_winterthur,nat,5,0.9163402744512384,0.7391826923076925,0.8966341086360763
anthropic,claude-3-5-sonnet-20241022,zh_winterthur,par,5,0.9414094350611532,0.8502906976744187,0.9100456136628832
anthropic,claude-3-5-sonnet-20241022,zh_winterthur,pop,5,0.9828404527199707,0.7242857142857143,0.9808175397438764
anthropic,claude-3-5-sonnet-20241022,zh_winterthur,soc,5,0.8460111317254173,0.8717105263157896,0.8324561403508772
anthropic,claude-3-5-sonnet-20241022,zh_winterthur,sub,5,0.9132664437012264,0.84375,0.900761421319797
anthropic,claude-3-5-sonnet-20241022,zh_winterthur,vil,5,0.8473101265822786,0.8156249999999999,0.8647837599293909
anthropic,claude-3-7-sonnet-20250219,biobanking_mayo_ubc,ana,5,0.6672645739910316,0.647260273972603,0.7741509050233882
anthropic,claude-3-7-sonnet-20250219,biobanking_mayo_ubc,coa,5,0.8842989672676353,0.698087431693989,0.8915178377438838
anthropic,claude-3-7-sonnet-20250219,biobanking_mayo_ubc,con,5,0.9512953367875647,0.8349673202614379,0.9548852040816326
anthropic,claude-3-7-sonnet-20250219,biobanking_mayo_ubc,csk,5,0.8869458382611287,0.8070776255707761,0.915794276690279
anthropic,claude-3-7-sonnet-20250219,biobanking_mayo_ubc,ctr,5,0.8780245576020225,0.6073883161512028,0.8750204117987619
anthropic,claude-3-7-sonnet-20250219,biobanking_mayo_ubc,dis,5,0.9277777777777777,0.7704861111111111,0.9311621357679816
anthropic,claude-3-7-sonnet-20250219,biobanking_mayo_ubc,eco,5,0.9222125351157608,0.805669398907104,0.9138782683036879
anthropic,claude-3-7-sonnet-20250219,biobanking_mayo_ubc,eld,5,0.9130517745833865,0.6440972222222224,0.8952593774940143
anthropic,claude-3-7-sonnet-20250219,biobanking_mayo_ubc,far,5,0.9162995594713657,0.659657320872274,0.917996657272072
anthropic,claude-3-7-sonnet-20250219,biobanking_mayo_ubc,fas,5,0.572348860257681,0.44402985074626866,0.5438193647148871
anthropic,claude-3-7-sonnet-20250219,biobanking_mayo_ubc,fem,5,0.8949534329651289,0.7232142857142858,0.9061972781464399
anthropic,claude-3-7-sonnet-20250219,biobanking_mayo_ubc,fis,5,0.9543185280675026,0.6829861111111112,0.9428460966841397
anthropic,claude-3-7-sonnet-20250219,biobanking_mayo_ubc,fun,5,0.9735669279237743,0.7095238095238096,0.960932510112838
anthropic,claude-3-7-sonnet-20250219,biobanking_mayo_ubc,lan,5,0.9177109921778509,0.7809758771929824,0.9111178655859506
anthropic,claude-3-7-sonnet-20250219,biobanking_mayo_ubc,lib,5,0.9200431034482758,0.817550505050505,0.9123294961929042
anthropic,claude-3-7-sonnet-20250219,biobanking_mayo_ubc,nat,5,0.9540671263766789,0.782638888888889,0.9276629827126516
anthropic,claude-3-7-sonnet-20250219,biobanking_mayo_ubc,par,5,0.9294571407973471,0.6950934579439252,0.8896052039319886
anthropic,claude-3-7-sonnet-20250219,biobanking_mayo_ubc,pop,5,0.868222844693433,0.8749999999999999,0.8735258358662615
anthropic,claude-3-7-sonnet-20250219,biobanking_mayo_ubc,soc,5,0.91083910554448555,0.48404255319148937,0.8995849297573433
anthropic,claude-3-7-sonnet-20250219,biobanking_mayo_ubc,sub,5,0.9247448979591838,0.5781710914454277,0.920911822912849
anthropic,claude-3-7-sonnet-20250219,biobanking_mayo_ubc,vil,5,0.9228433509810028,0.6951388888888891,0.8959925152034929
anthropic,claude-3-7-sonnet-20250219,ccps,ana,5,0.8905021173623714,0.7021604938271605,0.9156381669711772
anthropic,claude-3-7-sonnet-20250219,ccps,coa,5,0.8738154613466333,0.7166666666666669,0.9078583453583454
anthropic,claude-3-7-sonnet-20250219,ccps,con,5,0.9248785228377067,0.7382005899705015,0.9174521422440016
anthropic,claude-3-7-sonnet-20250219,ccps,csk,5,0.8128510075982824,0.8553191489361701,0.863114934921686
anthropic,claude-3-7-sonnet-20250219,ccps,ctr,5,0.9509315753792927,0.6818181818181818,0.9438480229732717
anthropic,claude-3-7-sonnet-20250219,ccps,dis,5,0.9268860910082285,0.7322695035460993,0.9155138227317274
anthropic,claude-3-7-sonnet-20250219,ccps,eco,5,0.8616372053872055,0.8869565217391305,0.8731617647058826
anthropic,claude-3-7-sonnet-20250219,ccps,eld,5,0.8903492014976696,0.7322695035460993,0.8987728937728939
anthropic,claude-3-7-sonnet-20250219,ccps,far,5,0.7594043887147336,0.6818181818181818,0.8532986111111114
anthropic,claude-3-7-sonnet-20250219,ccps,fas,5,0.9708332166604561,0.8814243759177681,0.9740121129195636
anthropic,claude-3-7-sonnet-20250219,ccps,fem,5,0.9257543926661574,0.8086956521739131,0.935600039737731
anthropic,claude-3-7-sonnet-20250219,ccps,fis,5,0.8992761041240129,0.8187134502923976,0.8878868045534711
anthropic,claude-3-7-sonnet-20250219,ccps,fun,5,0.970336169261519,0.7369402985074627,0.9707159133519858
anthropic,claude-3-7-sonnet-20250219,ccps,lan,5,0.9169394435351884,0.764367816091954,0.9024350649350649
anthropic,claude-3-7-sonnet-20250219,ccps,lib,5,0.9317613636363639,0.588235294117647,0.9294090564402556
anthropic,claude-3-7-sonnet-20250219,ccps,nat,5,0.9576479873717444,0.6795532646048109,0.9579331077450368
anthropic,claude-3-7-sonnet-20250219,ccps,par,5,0.9021121760738373,0.6818181818181818,0.920925535651563
anthropic,claude-3-7-sonnet-20250219,ccps,pop,5,0.9693648790965873,0.7875000000000003,0.9712289125236113
anthropic,claude-3-7-sonnet-20250219,ccps,soc,5,0.9227272727272726,0.6888888888888888,0.9029617441382148
anthropic,claude-3-7-sonnet-20250219,ccps,sub,5,0.9201526336435933,0.6818181818181818,0.9233932406880472
anthropic,claude-3-7-sonnet-20250219,ccps,vil,5,0.817117828678107,0.7982456140350878,0.8723076923076923
anthropic,claude-3-7-sonnet-20250219,energy_futures,ana,5,0.9660203111860797,0.7794729542302358,0.9575801690323101
anthropic,claude-3-7-sonnet-20250219,energy_futures,coa,5,0.934939556749496,0.7414330218068537,0.9410471710555238
anthropic,claude-3-7-sonnet-20250219,energy_futures,con,5,0.9363663460629722,0.5916666666666667,0.9324814245452215
anthropic,claude-3-7-sonnet-20250219,energy_futures,csk,5,0.9154913361349376,0.8333333333333334,0.947253725476595
anthropic,claude-3-7-sonnet-20250219,energy_futures,ctr,5,0.9018579838116262,0.8418640183346064,0.9291224830215656
anthropic,claude-3-7-sonnet-20250219,energy_futures,dis,5,0.9111111111111111,0.6886363636363635,0.9006034788782391
anthropic,claude-3-7-sonnet-20250219,energy_futures,eco,5,0.8585858585858586,0.7061403508771932,0.9007455460883036
anthropic,claude-3-7-sonnet-20250219,energy_futures,eld,5,0.929852032354604,0.7886904761904763,0.9419438078261608
anthropic,claude-3-7-sonnet-20250219,energy_futures,far,5,0.9173197568745481,0.8893360160965794,0.9280474941696748
anthropic,claude-3-7-sonnet-20250219,energy_futures,fas,5,0.8650823477395821,0.8067434210526316,0.905375518569909
anthropic,claude-3-7-sonnet-20250219,energy_futures,fem,5,0.9397285067873304,0.6638655462184873,0.9272921123039476
anthropic,claude-3-7-sonnet-20250219,energy_futures,fis,5,0.9353778981286145,0.757869249394673,0.9424086529801732
anthropic,claude-3-7-sonnet-20250219,energy_futures,fun,5,0.9531305766583389,0.6962233169129721,0.9553956397048149
anthropic,claude-3-7-sonnet-20250219,energy_futures,lan,5,0.8634686346863468,0.7965943113772456,0.8933374989409472
anthropic,claude-3-7-sonnet-20250219,energy_futures,lib,5,0.9217573418674698,0.6748366013071895,0.8843445287107258
anthropic,claude-3-7-sonnet-20250219,energy_futures,nat,5,0.9486564417681901,0.8154443254817987,0.9510497942970636
anthropic,claude-3-7-sonnet-20250219,energy_futures,par,5,0.924159922986673,0.5979166666666667,0.9212352219135603
anthropic,claude-3-7-sonnet-20250219,energy_futures,pop,5,0.9823131173509024,0.917763157894737,0.9846271768457198
anthropic,claude-3-7-sonnet-20250219,energy_futures,soc,5,0.9229981437624015,0.5885714285714286,0.9128452740612861
anthropic,claude-3-7-sonnet-20250219,energy_futures,sub,5,0.9363183437707799,0.8488210818307905,0.9489222372325937
anthropic,claude-3-7-sonnet-20250219,energy_futures,vil,5,0.9096919500145306,0.7975155279503104,0.9235559910719146
anthropic,claude-3-7-sonnet-20250219,fnqcj,ana,5,0.9359262732599545,0.8203125,0.9363083314785963
anthropic,claude-3-7-sonnet-20250219,fnqcj,coa,5,0.8375307669587475,0.8571428571428571,0.8427118933697881
anthropic,claude-3-7-sonnet-20250219,fnqcj,con,5,0.9678003658912108,0.7222222222222223,0.9700665135073954
anthropic,claude-3-7-sonnet-20250219,fnqcj,csk,5,0.903934133952299,1,0.9074079664317091
anthropic,claude-3-7-sonnet-20250219,fnqcj,ctr,5,0.9138954117862115,0.80078125,0.9139228817911593
anthropic,claude-3-7-sonnet-20250219,fnqcj,dis,5,0.9267507786225803,0.859375,0.925278037739134
anthropic,claude-3-7-sonnet-20250219,fnqcj,eco,5,0.8695534015762295,0.46875,0.8861587501867747
anthropic,claude-3-7-sonnet-20250219,fnqcj,eld,5,0.9675381450368592,0.7421874999999999,0.9663735524482244
anthropic,claude-3-7-sonnet-20250219,fnqcj,far,5,0.9404770227442206,0.8203125,0.9393253981905122
anthropic,claude-3-7-sonnet-20250219,fnqcj,fas,5,0.9315165778247168,1,0.9323587496528527
anthropic,claude-3-7-sonnet-20250219,fnqcj,fem,5,0.9268050659355007,0.8203125,0.9387575954490007
anthropic,claude-3-7-sonnet-20250219,fnqcj,fis,5,0.9166428571428572,0.8203125,0.916210198174126
anthropic,claude-3-7-sonnet-20250219,fnqcj,fun,5,0.8978857320154248,0.65625,0.9222593645670567
anthropic,claude-3-7-sonnet-20250219,fnqcj,lan,5,0.9081418460795423,0.8124999999999999,0.9212300910498279
anthropic,claude-3-7-sonnet-20250219,fnqcj,lib,5,0.9355997571688747,0.7986111111111114,0.9370980190378184
anthropic,claude-3-7-sonnet-20250219,fnqcj,nat,5,0.9096921949432025,0.5555555555555555,0.9120527278725893
anthropic,claude-3-7-sonnet-20250219,fnqcj,par,5,0.9400893068514843,0.859375,0.9278870586828494
anthropic,claude-3-7-sonnet-20250219,fnqcj,pop,5,0.9744537152618092,0.7217261904761906,0.9745558305998269
anthropic,claude-3-7-sonnet-20250219,fnqcj,soc,5,0.8837400251456137,0.771484375,0.8967644521138913
anthropic,claude-3-7-sonnet-20250219,fnqcj,sub,5,0.9366201366201365,0.65625,0.9339422649114084
anthropic,claude-3-7-sonnet-20250219,fnqcj,vil,5,0.9564635468475821,0.859375,0.9606356477688798
anthropic,claude-3-7-sonnet-20250219,forestera,ana,5,0.9405812622327263,0.6939655172413793,0.9486380351566835
anthropic,claude-3-7-sonnet-20250219,forestera,coa,5,0.9133766630832502,0.83984375,0.9333385916586783
anthropic,claude-3-7-sonnet-20250219,forestera,con,5,0.9435326616834578,0.61875,0.935080313014827
anthropic,claude-3-7-sonnet-20250219,forestera,csk,5,0.8985097356684436,0.8796296296296297,0.9030254635790971
anthropic,claude-3-7-sonnet-20250219,forestera,ctr,5,0.9443126623743363,0.8124999999999999,0.9504374529231125
anthropic,claude-3-7-sonnet-20250219,forestera,dis,5,0.9471670560747663,0.6985294117647058,0.9491599604687279
anthropic,claude-3-7-sonnet-20250219,forestera,eco,5,0.9315830115830117,0.75,0.9335733242241904
anthropic,claude-3-7-sonnet-20250219,forestera,eld,5,0.9233059573729001,0.8651162790697674,0.9403337815391917
anthropic,claude-3-7-sonnet-20250219,forestera,far,5,0.9325885577490199,0.3605769230769229,0.9335424133811231
anthropic,claude-3-7-sonnet-20250219,forestera,fas,5,0.9652822420959656,0.7434782608695651,0.964544725469066
anthropic,claude-3-7-sonnet-20250219,forestera,fem,5,0.9622057489846615,0.744,0.9608256792958285
anthropic,claude-3-7-sonnet-20250219,forestera,fis,5,0.9587336697311122,0.8372093023255812,0.965192411153858
anthropic,claude-3-7-sonnet-20250219,forestera,fun,5,0.9664461026953324,0.7315068493150685,0.9655481109249957
anthropic,claude-3-7-sonnet-20250219,forestera,lan,5,0.9396861410474568,0.8495327102803737,0.9480877645729727
anthropic,claude-3-7-sonnet-20250219,forestera,lib,5,0.9084337349397591,0.68359375,0.9210827296988182
anthropic,claude-3-7-sonnet-20250219,forestera,nat,5,0.9397685588634661,0.7973684210526316,0.9370504611739486
anthropic,claude-3-7-sonnet-20250219,forestera,par,5,0.9445435762584521,0.84,0.9428608470181504
anthropic,claude-3-7-sonnet-20250219,forestera,pop,5,0.9109331865072993,0.7125,0.9248044665848433
anthropic,claude-3-7-sonnet-20250219,forestera,soc,5,0.9325913553313336,0.7257751937984497,0.9367084538733527
anthropic,claude-3-7-sonnet-20250219,forestera,sub,5,0.933842213114754,0.7604651162790695,0.9426172314279134
anthropic,claude-3-7-sonnet-20250219,forestera,vil,5,0.9596810317245453,0.8052631578947369,0.9574138215404915
anthropic,claude-3-7-sonnet-20250219,fremantle,ana,5,0.9083413641717529,0.7932692307692307,0.9274571635876544
anthropic,claude-3-7-sonnet-20250219,fremantle,coa,5,0.9437629463188568,0.804,0.9389534589155614
anthropic,claude-3-7-sonnet-20250219,fremantle,con,5,0.9688468158347675,0.7807228915662651,0.9694686065208546
anthropic,claude-3-7-sonnet-20250219,fremantle,csk,5,0.9282074047767023,0.6309278350515465,0.9221541308815495
anthropic,claude-3-7-sonnet-20250219,fremantle,ctr,5,0.9089185695820766,0.6874999999999999,0.9299560487262271
anthropic,claude-3-7-sonnet-20250219,fremantle,dis,5,0.9080357142857142,0.8045454545454545,0.9334062531073768
anthropic,claude-3-7-sonnet-20250219,fremantle,eco,5,0.9547497905555894,0.6139534883720931,0.9540942928039698
anthropic,claude-3-7-sonnet-20250219,fremantle,eld,5,0.957282679125601,0.8021052631578948,0.9624809832386376
anthropic,claude-3-7-sonnet-20250219,fremantle,far,5,0.9475510991129964,0.7228915662650605,0.9517227045495152
anthropic,claude-3-7-sonnet-20250219,fremantle,fas,5,0.9669712689190031,0.6489795918367347,0.9628991983177816
anthropic,claude-3-7-sonnet-20250219,fremantle,fem,5,0.9670576034013044,0.78125,0.9656782341892785
anthropic,claude-3-7-sonnet-20250219,fremantle,fis,5,0.9386130167419044,0.826771653543307,0.9413237530378694
anthropic,claude-3-7-sonnet-20250219,fremantle,fun,5,0.9685364712174901,0.6428571428571429,0.9676421154029214
anthropic,claude-3-7-sonnet-20250219,fremantle,lan,5,0.9303914698585253,0.725892857142857,0.9433103843082905
anthropic,claude-3-7-sonnet-20250219,fremantle,lib,5,0.9527419153229406,0.7983050847457627,0.9559948780411629
anthropic,claude-3-7-sonnet-20250219,fremantle,nat,5,0.9118387355601717,0.7846153846153847,0.9219293829806811
anthropic,claude-3-7-sonnet-20250219,fremantle,par,5,0.9454397664923979,0.5263157894736842,0.9482811315532989
anthropic,claude-3-7-sonnet-20250219,fremantle,pop,5,0.9053140479492767,0.8624999999999999,0.9263266274012251
anthropic,claude-3-7-sonnet-20250219,fremantle,soc,5,0.9530751443405417,0.779220779220779,0.9584416912741
anthropic,claude-3-7-sonnet-20250219,fremantle,sub,5,0.9674851934179707,0.7747572815533981,0.9653356203295022
anthropic,claude-3-7-sonnet-20250219,fremantle,vil,5,0.9434402332361514,0.776470588235294,0.9488402092639927
anthropic,claude-3-7-sonnet-20250219,uppsala_speaks,ana,5,0.9072205477656926,0.8161764705882353,0.9235938558843461
anthropic,claude-3-7-sonnet-20250219,uppsala_speaks,coa,5,0.9721777400132902,0.4787735849056605,0.9573612228479481
anthropic,claude-3-7-sonnet-20250219,uppsala_speaks,con,5,0.9467118160755656,0.6340579710144927,0.9268538759038172
anthropic,claude-3-7-sonnet-20250219,uppsala_speaks,csk,5,0.8521137355197833,0.5655172413793103,0.8381199549644104
anthropic,claude-3-7-sonnet-20250219,uppsala_speaks,ctr,5,0.9768738261908826,0.7509578544061302,0.971913862649329
anthropic,claude-3-7-sonnet-20250219,uppsala_speaks,dis,5,0.9801273769297024,0.7413194444444443,0.9765707493993482
anthropic,claude-3-7-sonnet-20250219,uppsala_speaks,eco,5,0.9329276050723099,0.5384615384615385,0.8993764067746576
anthropic,claude-3-7-sonnet-20250219,uppsala_speaks,eld,5,0.8844859813084112,0.7730923694779117,0.8612929184549355
anthropic,claude-3-7-sonnet-20250219,uppsala_speaks,far,5,0.9712606343773035,0.8020833333333334,0.96844632326079
anthropic,claude-3-7-sonnet-20250219,uppsala_speaks,fas,5,0.5884773662551441,0.7168141592920353,0.679686512451018
anthropic,claude-3-7-sonnet-20250219,uppsala_speaks,fem,5,0.948858055009823,0.730120481927711,0.9022718667171525
anthropic,claude-3-7-sonnet-20250219,uppsala_speaks,fis,5,0.9107016300496101,0.8052631578947368,0.9230851569933396
anthropic,claude-3-7-sonnet-20250219,uppsala_speaks,fun,5,0.9458165622692735,0.4989959839357431,0.9428104575163394
anthropic,claude-3-7-sonnet-20250219,uppsala_speaks,lan,5,0.9598363450392089,0.6,0.9474262886881312
anthropic,claude-3-7-sonnet-20250219,uppsala_speaks,lib,5,0.9369490060501298,0.6857142857142856,0.9177659424379232
anthropic,claude-3-7-sonnet-20250219,uppsala_speaks,nat,5,0.907859846046907,0.6694444444444444,0.8986549487174401
anthropic,claude-3-7-sonnet-20250219,uppsala_speaks,par,5,0.9815296196259216,0.6138059701492535,0.9765402859798774
anthropic,claude-3-7-sonnet-20250219,uppsala_speaks,pop,5,0.9233656174334142,0.48493975903614467,0.8889424235124066
anthropic,claude-3-7-sonnet-20250219,uppsala_speaks,soc,5,0.9499332188513642,0.8583333333333332,0.9228132387706853
anthropic,claude-3-7-sonnet-20250219,uppsala_speaks,sub,5,0.9495448382723223,0.7362804878048782,0.9541120283599481
anthropic,claude-3-7-sonnet-20250219,uppsala_speaks,vil,5,0.9901823903552511,0.764814814814815,0.9844286176756233
anthropic,claude-3-7-sonnet-20250219,zh_winterthur,ana,5,0.8310524457001586,0.6666666666666664,0.8682515337423302
anthropic,claude-3-7-sonnet-20250219,zh_winterthur,coa,5,0.945459125834488,0.7783783783783784,0.9160114553501693
anthropic,claude-3-7-sonnet-20250219,zh_winterthur,con,5,0.9253079681896147,0.6545454545454547,0.9101180015064024
anthropic,claude-3-7-sonnet-20250219,zh_winterthur,csk,5,0.8388090349075978,0.7179487179487181,0.8406577624587104
anthropic,claude-3-7-sonnet-20250219,zh_winterthur,ctr,5,0.873693379790941,0.8484848484848483,0.8936842105263162
anthropic,claude-3-7-sonnet-20250219,zh_winterthur,dis,5,0.9236453201970443,0.8938953488372092,0.8801564722617355
anthropic,claude-3-7-sonnet-20250219,zh_winterthur,eco,5,0.8602150537634408,0.9385964912280702,0.877128635053707
anthropic,claude-3-7-sonnet-20250219,zh_winterthur,eld,5,0.8753271800523487,0.8571428571428572,0.8540557227753337
anthropic,claude-3-7-sonnet-20250219,zh_winterthur,far,5,0.866006600660066,0.8484848484848483,0.8843670514576404
anthropic,claude-3-7-sonnet-20250219,zh_winterthur,fas,5,0.9854877715435126,0.7864285714285716,0.98402291795576
anthropic,claude-3-7-sonnet-20250219,zh_winterthur,fem,5,0.7704815509693557,0.8938953488372092,0.8963694394574108
anthropic,claude-3-7-sonnet-20250219,zh_winterthur,fis,5,0.8510948905109489,0.7999999999999998,0.9102844638949672
anthropic,claude-3-7-sonnet-20250219,zh_winterthur,fun,5,0.9916095441435369,0.9481481481481481,0.9920624649497435
anthropic,claude-3-7-sonnet-20250219,zh_winterthur,lan,5,0.961327180839376,0.8159722222222222,0.9636892397174908
anthropic,claude-3-7-sonnet-20250219,zh_winterthur,lib,5,0.956420492348636,0.7540540540540539,0.9494668246445498
anthropic,claude-3-7-sonnet-20250219,zh_winterthur,nat,5,0.8303870043000482,0.6657608695652173,0.8713872832369944
anthropic,claude-3-7-sonnet-20250219,zh_winterthur,par,5,0.8877551020408163,0.8333333333333333,0.8119658119658121
anthropic,claude-3-7-sonnet-20250219,zh_winterthur,pop,5,0.9543547989143845,0.75,0.9487152632313923
anthropic,claude-3-7-sonnet-20250219,zh_winterthur,soc,5,0.8122096881220968,0.75,0.8047016274864375
anthropic,claude-3-7-sonnet-20250219,zh_winterthur,sub,5,0.9016167192429023,0.8699999999999998,0.9285872086601127
anthropic,claude-3-7-sonnet-20250219,zh_winterthur,vil,5,0.9124634735103544,0.8571428571428572,0.9136062789199322
google,gemini-2.5-flash,biobanking_mayo_ubc,ana,5,0.8385157545605308,0.7344559585492229,0.8879146080299479
google,gemini-2.5-flash,biobanking_mayo_ubc,coa,5,0.9354967948717948,0.6556267806267807,0.8980472542884884
google,gemini-2.5-flash,biobanking_mayo_ubc,con,5,0.8182244008714594,0.7816154970760234,0.8913437381043017
google,gemini-2.5-flash,biobanking_mayo_ubc,csk,5,0.9379434091661544,0.7142857142857143,0.939885133069226
google,gemini-2.5-flash,biobanking_mayo_ubc,ctr,5,0.7700664621676891,0.7804487179487181,0.8655913978494623
google,gemini-2.5-flash,biobanking_mayo_ubc,dis,5,0.8699717514124296,0.6575757575757575,0.87194133254717
google,gemini-2.5-flash,biobanking_mayo_ubc,eco,5,0.8749138185757906,0.6891592920353982,0.9058465824160892
google,gemini-2.5-flash,biobanking_mayo_ubc,eld,5,0.873701527614571,0.7578914141414143,0.8851042896497443
google,gemini-2.5-flash,biobanking_mayo_ubc,far,5,0.8694899573223507,0.9309027777777777,0.9232805160204725
google,gemini-2.5-flash,biobanking_mayo_ubc,fas,5,0.850361615174731,0.7540540540540539,0.8463746791309147
google,gemini-2.5-flash,biobanking_mayo_ubc,fem,5,0.8392568392568391,0.8503521126760564,0.8944368344306484
google,gemini-2.5-flash,biobanking_mayo_ubc,fis,5,0.9555638620814643,0.7628205128205129,0.9428715413596983
google,gemini-2.5-flash,biobanking_mayo_ubc,fun,5,0.7865897838425311,0.8520833333333334,0.8754958731512071
google,gemini-2.5-flash,biobanking_mayo_ubc,lan,5,0.8494741746538872,0.7994386873920553,0.9024728330623769
google,gemini-2.5-flash,biobanking_mayo_ubc,lib,5,0.8471189850779636,0.6642335766423357,0.877719585767897
google,gemini-2.5-flash,biobanking_mayo_ubc,nat,5,0.9043544194107451,0.7866141732283464,0.9023621926150722
google,gemini-2.5-flash,biobanking_mayo_ubc,par,5,0.9047974148645289,0.6666666666666666,0.9050489265915094
google,gemini-2.5-flash,biobanking_mayo_ubc,pop,5,0.8075784487862643,0.8282085561497328,0.8493611173018351
google,gemini-2.5-flash,biobanking_mayo_ubc,soc,5,0.8222852376980818,0.7560000000000001,0.8762882313829786
google,gemini-2.5-flash,biobanking_mayo_ubc,sub,5,0.8419958419958424,0.8221618357487923,0.8823842300394568
google,gemini-2.5-flash,biobanking_mayo_ubc,vil,5,0.8713640326543552,0.8229655712050079,0.9129729581130243
google,gemini-2.5-flash,ccps,ana,5,0.8281198395848077,0.8125000000000001,0.8621800662451069
google,gemini-2.5-flash,ccps,coa,5,0.7498778223047603,0.8888888888888888,0.8054436883766143
google,gemini-2.5-flash,ccps,con,5,0.9619950934660172,0.8614864864864864,0.9612419390850943
google,gemini-2.5-flash,ccps,csk,5,0.6057127950958656,0.7222222222222223,0.7184529662405769
google,gemini-2.5-flash,ccps,ctr,5,0.7821637426900585,0.9479166666666667,0.8392427884615387
google,gemini-2.5-flash,ccps,dis,5,0.8796704404689883,0.8307692307692305,0.8894889826535395
google,gemini-2.5-flash,ccps,eco,5,0.8410002004409701,0.9400000000000001,0.8723409410282508
google,gemini-2.5-flash,ccps,eld,5,0.8483563096500529,0.6467391304347827,0.8763796208028813
google,gemini-2.5-flash,ccps,far,5,0.7022721197540762,0.7500000000000001,0.6938219493476595
google,gemini-2.5-flash,ccps,fas,5,0.9264081209445447,0.7777777777777779,0.9296451323241395
google,gemini-2.5-flash,ccps,fem,5,0.7835178351783517,0.8,0.8310185185185186
google,gemini-2.5-flash,ccps,fis,5,0.8735056843898933,0.7499999999999998,0.8816076799472624
google,gemini-2.5-flash,ccps,fun,5,0.8456492714924246,0.7617187499999999,0.8110548811255235
google,gemini-2.5-flash,ccps,lan,5,0.8325310127754121,0.78125,0.8436273719292586
google,gemini-2.5-flash,ccps,lib,5,0.8719117600178522,0.8463541666666667,0.8868537959447053
google,gemini-2.5-flash,ccps,nat,5,0.9486789240502249,0.8124999999999999,0.9483889751552794
google,gemini-2.5-flash,ccps,par,5,0.8688138662527487,0.7060185185185185,0.883308134260659
google,gemini-2.5-flash,ccps,pop,5,0.928360127833682,0.740049751243781,0.941101069953399
google,gemini-2.5-flash,ccps,soc,5,0.7187325256290772,0.6805555555555555,0.6602399314481576
google,gemini-2.5-flash,ccps,sub,5,0.8610863339749311,0.8437500000000001,0.8913990201415349
google,gemini-2.5-flash,ccps,vil,5,0.8823973346586413,0.7252252252252254,0.9117598290283357
google,gemini-2.5-flash,energy_futures,ana,5,0.8285727198770677,0.8809523809523809,0.8893897612481962
google,gemini-2.5-flash,energy_futures,coa,5,0.9283368453025036,0.625,0.9412866562154186
google,gemini-2.5-flash,energy_futures,con,5,0.8988946032594176,0.8347826086956521,0.902509904086739
google,gemini-2.5-flash,energy_futures,csk,5,0.8594207479371839,0.9065533980582524,0.9021628462017255
google,gemini-2.5-flash,energy_futures,ctr,5,0.8927395736372512,0.8566433566433567,0.9154953052947389
google,gemini-2.5-flash,energy_futures,dis,5,0.8947432930302307,0.6812354312354313,0.9067595158232461
google,gemini-2.5-flash,energy_futures,eco,5,0.8659653885307093,0.7527472527472527,0.8933202614379083
google,gemini-2.5-flash,energy_futures,eld,5,0.9387556657796536,0.8706563706563705,0.9540032418485154
google,gemini-2.5-flash,energy_futures,far,5,0.8702753067754293,0.8212500000000003,0.9007035679318744
google,gemini-2.5-flash,energy_futures,fas,5,0.8519637002609137,0.8240779991521829,0.8900718125666529
google,gemini-2.5-flash,energy_futures,fem,5,0.843783704284734,0.8366228070175439,0.8863076825957957
google,gemini-2.5-flash,energy_futures,fis,5,0.9300948200669651,0.883623693379791,0.9229903588302898
google,gemini-2.5-flash,energy_futures,fun,5,0.9351602136871362,0.7557951482479784,0.9296820019057463
google,gemini-2.5-flash,energy_futures,lan,5,0.9339680562352626,0.759268060836502,0.9443554105800596
google,gemini-2.5-flash,energy_futures,lib,5,0.9219106008881595,0.8121397694524495,0.9215132545289221
google,gemini-2.5-flash,energy_futures,nat,5,0.8976734609841464,0.8548155737704918,0.9200436925370663
google,gemini-2.5-flash,energy_futures,par,5,0.8998513563730954,0.8231971153846152,0.9100765505389782
google,gemini-2.5-flash,energy_futures,pop,5,0.8878216503992901,0.6847098214285714,0.9074501418469747
google,gemini-2.5-flash,energy_futures,soc,5,0.9160190145627406,0.705322265625,0.917477176772254
google,gemini-2.5-flash,energy_futures,sub,5,0.8504248837582172,0.7333842627960276,0.893136439889092
google,gemini-2.5-flash,energy_futures,vil,5,0.9102813915501443,0.891851106639839,0.931994216668388
google,gemini-2.5-flash,fnqcj,ana,5,0.8906803386514655,1,0.8906803386514655
google,gemini-2.5-flash,fnqcj,coa,5,0.8223232323232323,1,0.8223232323232323
google,gemini-2.5-flash,fnqcj,con,5,0.9195822666504125,0.888888888888889,0.9270613107822411
google,gemini-2.5-flash,fnqcj,csk,5,0.8955193014705882,1,0.8955193014705882
google,gemini-2.5-flash,fnqcj,ctr,5,0.97893813353948,0.920138888888889,0.9796623627149534
google,gemini-2.5-flash,fnqcj,dis,5,0.8389091646390916,0.9999999999999998,0.8464283157115922
google,gemini-2.5-flash,fnqcj,eco,5,0.8064660128508624,1,0.8137883290960958
google,gemini-2.5-flash,fnqcj,eld,5,0.8186304079110012,1,0.8210396768065923
google,gemini-2.5-flash,fnqcj,far,5,0.8060888888888889,1,0.8060888888888889
google,gemini-2.5-flash,fnqcj,fas,5,0.9207115473678795,1,0.9207115473678795
google,gemini-2.5-flash,fnqcj,fem,5,0.9249491888037082,1,0.9249491888037082
google,gemini-2.5-flash,fnqcj,fis,5,0.720937309799148,1,0.720937309799148
google,gemini-2.5-flash,fnqcj,fun,5,0.893926689027312,1,0.893926689027312
google,gemini-2.5-flash,fnqcj,lan,5,0.9672806437154504,0.9099264705882353,0.9709263830795524
google,gemini-2.5-flash,fnqcj,lib,5,0.9520784235069948,0.8555555555555554,0.9576094210854915
google,gemini-2.5-flash,fnqcj,nat,5,0.9556022401542887,0.8148148148148149,0.9571424900194305
google,gemini-2.5-flash,fnqcj,par,5,0.6487348077306235,1,0.6487348077306235
google,gemini-2.5-flash,fnqcj,pop,5,0.9477939104108516,0.9375,0.9514183712852179
google,gemini-2.5-flash,fnqcj,soc,5,0.9255913978494622,0.8250000000000001,0.9246140428098661
google,gemini-2.5-flash,fnqcj,sub,5,0.8382079941841596,0.9814814814814814,0.8599846184423149
google,gemini-2.5-flash,fnqcj,vil,5,0.8802926015315395,1,0.8802926015315395
google,gemini-2.5-flash,forestera,ana,5,0.8761026261404303,0.7862318840579711,0.9131268840778295
google,gemini-2.5-flash,forestera,coa,5,0.9596783201161622,0.756521739130435,0.9628990366322386
google,gemini-2.5-flash,forestera,con,5,0.8895745371873987,0.853125,0.8833311188985407
google,gemini-2.5-flash,forestera,csk,5,0.8911414085228478,0.75,0.8910540688148552
google,gemini-2.5-flash,forestera,ctr,5,0.9485812098949131,0.81,0.9455338792512863
google,gemini-2.5-flash,forestera,dis,5,0.9192824694667858,0.6923076923076923,0.9244947604790421
google,gemini-2.5-flash,forestera,eco,5,0.8706716455935768,0.8858024691358024,0.8876373077691233
google,gemini-2.5-flash,forestera,eld,5,0.9582839616134264,0.7759433962264151,0.9583475841133315
google,gemini-2.5-flash,forestera,far,5,0.9507367190624135,0.7636363636363634,0.9551766097300246
google,gemini-2.5-flash,forestera,fas,5,0.9137415361608442,0.7583333333333333,0.9334326989222654
google,gemini-2.5-flash,forestera,fem,5,0.8326282909415437,0.9114583333333335,0.8595784023668638
google,gemini-2.5-flash,forestera,fis,5,0.957213898691675,0.7783783783783784,0.9593529723490595
google,gemini-2.5-flash,forestera,fun,5,0.9312079950205959,0.7092803030303032,0.9400227356237368
google,gemini-2.5-flash,forestera,lan,5,0.9376476914687348,0.8073671497584541,0.9437501392323285
google,gemini-2.5-flash,forestera,lib,5,0.9599980447109431,0.8121951219512197,0.9651245090749958
google,gemini-2.5-flash,forestera,nat,5,0.8308932860574174,0.576923076923077,0.8638988898889888
google,gemini-2.5-flash,forestera,par,5,0.9586039991390206,0.7222222222222223,0.959541190679534
google,gemini-2.5-flash,forestera,pop,5,0.8592294383816874,0.8571428571428573,0.8670920232582431
google,gemini-2.5-flash,forestera,soc,5,0.9318655996014075,0.8446180555555555,0.9293937659593203
google,gemini-2.5-flash,forestera,sub,5,0.9195407203752752,0.9215686274509803,0.9294818829277817
google,gemini-2.5-flash,forestera,vil,5,0.8986990392197771,0.7118055555555556,0.9174929160711152
google,gemini-2.5-flash,fremantle,ana,5,0.9320916630710965,0.6187499999999997,0.9281698994252873
google,gemini-2.5-flash,fremantle,coa,5,0.8911858016460528,0.6521739130434782,0.912580752270384
google,gemini-2.5-flash,fremantle,con,5,0.9146982980917998,0.867741935483871,0.9234777406457964
google,gemini-2.5-flash,fremantle,csk,5,0.9257595064046679,0.8666666666666668,0.9270697655486814
google,gemini-2.5-flash,fremantle,ctr,5,0.918890977443609,0.7076086956521739,0.9227418183773899
google,gemini-2.5-flash,fremantle,dis,5,0.9041717577238612,0.7777777777777778,0.9311104359714415
google,gemini-2.5-flash,fremantle,eco,5,0.9545826274899234,0.7659574468085105,0.9490177909562638
google,gemini-2.5-flash,fremantle,eld,5,0.9125060945880057,0.8064935064935065,0.9218209728187559
google,gemini-2.5-flash,fremantle,far,5,0.93955223880597,0.8068181818181818,0.9504757581577248
google,gemini-2.5-flash,fremantle,fas,5,0.9567878668862067,0.6779220779220779,0.949029746018761
google,gemini-2.5-flash,fremantle,fem,5,0.8914267834793492,0.7421052631578947,0.8814036514822847
google,gemini-2.5-flash,fremantle,fis,5,0.9170068027210884,0.7719999999999999,0.9297794243765222
google,gemini-2.5-flash,fremantle,fun,5,0.9285799695939598,0.7191780821917809,0.9215642399273426
google,gemini-2.5-flash,fremantle,lan,5,0.9534732889571599,0.7608247422680414,0.9558797530567362
google,gemini-2.5-flash,fremantle,lib,5,0.8922975641869652,0.7333333333333334,0.8965450385823416
google,gemini-2.5-flash,fremantle,nat,5,0.9557207498383967,0.6161290322580643,0.9594532529838522
google,gemini-2.5-flash,fremantle,par,5,0.9155988913881749,0.7854545454545454,0.9267758053280163
google,gemini-2.5-flash,fremantle,pop,5,0.8997721711247995,0.8129032258064514,0.9139413960412716
google,gemini-2.5-flash,fremantle,soc,5,0.9317259344520504,0.786,0.9359931240989241
google,gemini-2.5-flash,fremantle,sub,5,0.8930050644336357,0.8178082191780822,0.9002038943112786
google,gemini-2.5-flash,fremantle,vil,5,0.9219220018634365,0.7960629921259842,0.9282935981329795
google,gemini-2.5-flash,uppsala_speaks,ana,5,0.8443031803180319,0.8516042780748664,0.8613126168304434
google,gemini-2.5-flash,uppsala_speaks,coa,5,0.9618874773139747,0.7282377919320596,0.9479837378240052
google,gemini-2.5-flash,uppsala_speaks,con,5,0.8134266200233218,0.7241379310344828,0.8701188455008491
google,gemini-2.5-flash,uppsala_speaks,csk,5,0.7691281138790036,0.6801470588235292,0.8137020918152464
google,gemini-2.5-flash,uppsala_speaks,ctr,5,0.8799777220829852,0.736607142857143,0.8657351154313488
google,gemini-2.5-flash,uppsala_speaks,dis,5,0.955874132613724,0.875,0.9615462551632764
google,gemini-2.5-flash,uppsala_speaks,eco,5,0.9629066245225867,0.7565789473684212,0.9542102310399346
google,gemini-2.5-flash,uppsala_speaks,eld,5,0.9468738454245702,0.8472222222222223,0.9394965312903241
google,gemini-2.5-flash,uppsala_speaks,far,5,0.8829268292682927,0.84,0.8876270173341302
google,gemini-2.5-flash,uppsala_speaks,fas,5,0.6716965742251222,0.8929687500000002,0.7990681141320009
google,gemini-2.5-flash,uppsala_speaks,fem,5,0.9022058823529412,0.8138020833333335,0.8900969902240013
google,gemini-2.5-flash,uppsala_speaks,fis,5,0.9703770956075933,0.7196969696969696,0.969596871063194
google,gemini-2.5-flash,uppsala_speaks,fun,5,0.7309829059829063,0.6799999999999999,0.8621468462549278
google,gemini-2.5-flash,uppsala_speaks,lan,5,0.8239628939269149,0.693913043478261,0.8550542715794137
google,gemini-2.5-flash,uppsala_speaks,lib,5,0.9558267331138204,0.8309748427672955,0.9625328330206381
google,gemini-2.5-flash,uppsala_speaks,nat,5,0.7621951219512194,0.9132513661202185,0.9125573859033216
google,gemini-2.5-flash,uppsala_speaks,par,5,0.9776644557641654,0.7743362831858407,0.9770625328428796
google,gemini-2.5-flash,uppsala_speaks,pop,5,0.8424106307317987,0.9440789473684211,0.8235745614035088
google,gemini-2.5-flash,uppsala_speaks,soc,5,0.8717428087986465,0.9007352941176471,0.8981469966422087
google,gemini-2.5-flash,uppsala_speaks,sub,5,0.9726849064597408,0.8184079601990051,0.9753799605966788
google,gemini-2.5-flash,uppsala_speaks,vil,5,0.9407654696663073,0.7453608247422681,0.9451863305935319
google,gemini-2.5-flash,zh_winterthur,ana,5,0.7573253193087904,0.8139534883720931,0.7980349344978165
google,gemini-2.5-flash,zh_winterthur,coa,5,0.8684210526315789,0.8,0.8681214421252372
google,gemini-2.5-flash,zh_winterthur,con,5,0.8526123996651404,0.8286713286713288,0.8307851026513984
google,gemini-2.5-flash,zh_winterthur,csk,5,0.18857142857142853,0.9166666666666666,0.8303571428571427
google,gemini-2.5-flash,zh_winterthur,ctr,5,0.8798133595284872,0.9490909090909092,0.911805246776345
google,gemini-2.5-flash,zh_winterthur,dis,5,0.8031609195402297,0.7999999999999999,0.885493827160494
google,gemini-2.5-flash,zh_winterthur,eco,5,0.8187172774869109,0.7500000000000001,0.8428093645484949
google,gemini-2.5-flash,zh_winterthur,eld,5,0.9624232877161892,0.7043478260869561,0.9608100506281643
google,gemini-2.5-flash,zh_winterthur,far,5,0.8714324544713237,0.9085714285714285,0.9062941714475761
google,gemini-2.5-flash,zh_winterthur,fas,5,0.923624332844346,0.6631578947368422,0.93003127643252
google,gemini-2.5-flash,zh_winterthur,fem,5,0.7555555555555555,0.8222222222222221,0.8721915285451196
google,gemini-2.5-flash,zh_winterthur,fis,5,0.8846933999063815,0.853125,0.9251456745853877
google,gemini-2.5-flash,zh_winterthur,fun,5,0.9723962580954666,0.7662650602409637,0.9728333237131703
google,gemini-2.5-flash,zh_winterthur,lan,5,0.8861439312567132,0.825,0.9307228915662652
google,gemini-2.5-flash,zh_winterthur,lib,5,0.9195705024311184,0.7857142857142857,0.9147637919104235
google,gemini-2.5-flash,zh_winterthur,nat,5,0.897059421645585,0.7450980392156863,0.8985976267529666
google,gemini-2.5-flash,zh_winterthur,par,5,0.7223113964686999,0.84,0.8505000000000003
google,gemini-2.5-flash,zh_winterthur,pop,5,0.9402367011336737,0.7682291666666665,0.948848848848849
google,gemini-2.5-flash,zh_winterthur,soc,5,0.7567567567567566,0.6705882352941176,0.7422402159244272
google,gemini-2.5-flash,zh_winterthur,sub,5,0.8426306517909572,0.7054054054054054,0.8428165007112375
google,gemini-2.5-flash,zh_winterthur,vil,5,0.8250276854928021,0.80625,0.8633649932157395
xai,grok-3-beta,biobanking_mayo_ubc,ana,5,0.6977521443359954,0.7488738738738739,0.8827681184369082
xai,grok-3-beta,biobanking_mayo_ubc,coa,5,0.9371855436494219,0.6961111111111111,0.9169740711039829
xai,grok-3-beta,biobanking_mayo_ubc,con,5,0.9437749835060348,0.7998737373737373,0.9505942968966102
xai,grok-3-beta,biobanking_mayo_ubc,csk,5,0.9284814032525837,0.664285714285714,0.9344651952461799
xai,grok-3-beta,biobanking_mayo_ubc,ctr,5,0.9046649450403924,0.6980874316939891,0.8918740034297066
xai,grok-3-beta,biobanking_mayo_ubc,dis,5,0.9324583543664817,0.6867424242424243,0.9102336195267093
xai,grok-3-beta,biobanking_mayo_ubc,eco,5,0.8592205854931941,0.6919540229885056,0.8841136853843558
xai,grok-3-beta,biobanking_mayo_ubc,eld,5,0.9251700680272107,0.7043650793650793,0.9317304069329314
xai,grok-3-beta,biobanking_mayo_ubc,far,5,0.9157006190208214,0.7302469135802471,0.9215058789687534
xai,grok-3-beta,biobanking_mayo_ubc,fas,5,0.8657146089733118,0.4958333333333333,0.8792055469155005
xai,grok-3-beta,biobanking_mayo_ubc,fem,5,0.9218336640211642,0.8465116279069769,0.8804404520428861
xai,grok-3-beta,biobanking_mayo_ubc,fis,5,0.9069603397394372,0.6426991150442481,0.9086099326179186
xai,grok-3-beta,biobanking_mayo_ubc,fun,5,0.8716223366727811,0.5625,0.8901707468288679
xai,grok-3-beta,biobanking_mayo_ubc,lan,5,0.9207643145950176,0.651294498381877,0.8986981894358822
xai,grok-3-beta,biobanking_mayo_ubc,lib,5,0.89234229147847,0.8141711229946524,0.9118354305290204
xai,grok-3-beta,biobanking_mayo_ubc,nat,5,0.9476967842700956,0.5833333333333334,0.9510172346766879
xai,grok-3-beta,biobanking_mayo_ubc,par,5,0.9017777184993233,0.6848765432098767,0.8730872278064481
xai,grok-3-beta,biobanking_mayo_ubc,pop,5,0.8556894790602657,0.7069209039548024,0.8647883858267716
xai,grok-3-beta,biobanking_mayo_ubc,soc,5,0.846089271089271,0.39045698924731204,0.8623016321761092
xai,grok-3-beta,biobanking_mayo_ubc,sub,5,0.9245188413622865,0.376923076923077,0.9259364161849709
xai,grok-3-beta,biobanking_mayo_ubc,vil,5,0.9466037976296673,0.658950617283951,0.9239470333587981
xai,grok-3-beta,ccps,ana,5,0.8958274873421583,0.8106060606060604,0.911235868982348
xai,grok-3-beta,ccps,coa,5,0.8619682094436653,0.8555555555555556,0.9099279358417515
xai,grok-3-beta,ccps,con,5,0.9571771510660819,0.48946360153256735,0.9422345422345421
xai,grok-3-beta,ccps,csk,5,0.9000405367481211,0.9166666666666666,0.9212248384211338
xai,grok-3-beta,ccps,ctr,5,0.9235775070916069,0.8700142450142451,0.9396976555075488
xai,grok-3-beta,ccps,dis,5,0.9090188162353113,0.8824786324786326,0.922607368650534
xai,grok-3-beta,ccps,eco,5,0.8767020074269414,0.8553191489361701,0.8587513119811709
xai,grok-3-beta,ccps,eld,5,0.8854819749216302,0.8279569892473119,0.8834192716725751
xai,grok-3-beta,ccps,far,5,0.8716395864106353,0.8824786324786326,0.9191802224060289
xai,grok-3-beta,ccps,fas,5,0.9609775620583207,0.8380434782608696,0.9651986259932427
xai,grok-3-beta,ccps,fem,5,0.8637387387387387,0.8553191489361701,0.8846119031455081
xai,grok-3-beta,ccps,fis,5,0.8848876909254269,0.8373655913978495,0.926304919263988
xai,grok-3-beta,ccps,fun,5,0.8970974677496416,0.8926005747126438,0.9053756577386066
xai,grok-3-beta,ccps,lan,5,0.9225824372048729,0.8152610441767069,0.9157414416687694
xai,grok-3-beta,ccps,lib,5,0.939050769818043,0.8564814814814816,0.9401069204558805
xai,grok-3-beta,ccps,nat,5,0.9754376197993009,0.8040540540540541,0.9750401401255291
xai,grok-3-beta,ccps,par,5,0.8985547785547785,0.8824786324786326,0.9232813999852323
xai,grok-3-beta,ccps,pop,5,0.9081114825405776,0.824820788530466,0.9211293011560849
xai,grok-3-beta,ccps,soc,5,0.9207453880671431,0.7945402298850575,0.9292118825156076
xai,grok-3-beta,ccps,sub,5,0.9181571815718155,0.8530465949820789,0.9372829305743425
xai,grok-3-beta,ccps,vil,5,0.921319329279528,0.8373655913978495,0.9124027051167535
xai,grok-3-beta,energy_futures,ana,5,0.8722248808805475,0.8254076086956522,0.8958450880822519
xai,grok-3-beta,energy_futures,coa,5,0.8852943861250567,0.7599999999999999,0.9122797123924996
xai,grok-3-beta,energy_futures,con,5,0.9313072147592156,0.6026785714285714,0.9198269956339915
xai,grok-3-beta,energy_futures,csk,5,0.8560723637880225,0.9077117572692794,0.9001148754926389
xai,grok-3-beta,energy_futures,ctr,5,0.907845152449469,0.6729117876658858,0.9221698373615691
xai,grok-3-beta,energy_futures,dis,5,0.9491431604488928,0.773361976369495,0.9228257942918686
xai,grok-3-beta,energy_futures,eco,5,0.9194609651434164,0.5288461538461536,0.918679765830025
xai,grok-3-beta,energy_futures,eld,5,0.9083076923076924,0.8205882352941177,0.9019671398234046
xai,grok-3-beta,energy_futures,far,5,0.9350869749681798,0.7542857142857144,0.9165324890698024
xai,grok-3-beta,energy_futures,fas,5,0.9001390643054848,0.8028409090909091,0.9263109589282881
xai,grok-3-beta,energy_futures,fem,5,0.9445243969298244,0.6918604651162791,0.9386184836171869
xai,grok-3-beta,energy_futures,fis,5,0.921096913774293,0.7083333333333334,0.9276822916666668
xai,grok-3-beta,energy_futures,fun,5,0.9332956083939756,0.805066854327938,0.93717425965956
xai,grok-3-beta,energy_futures,lan,5,0.9274575163398693,0.6920634920634922,0.925783981496423
xai,grok-3-beta,energy_futures,lib,5,0.9318733239688417,0.8178082191780821,0.9403834000421318
xai,grok-3-beta,energy_futures,nat,5,0.9562977992820353,0.8597383720930233,0.9642598865755719
xai,grok-3-beta,energy_futures,par,5,0.9369356469002694,0.8364779874213838,0.9418047262635607
xai,grok-3-beta,energy_futures,pop,5,0.9598154231190364,0.9053171641791045,0.9695886811384172
xai,grok-3-beta,energy_futures,soc,5,0.9313189410652378,0.7659420289855072,0.9328646315140302
xai,grok-3-beta,energy_futures,sub,5,0.9103317239733446,0.7817460317460316,0.9304141812358953
xai,grok-3-beta,energy_futures,vil,5,0.9073510406146935,0.36666666666666675,0.9184585179620616
xai,grok-3-beta,fnqcj,ana,5,0.9293431926924749,0.5641025641025639,0.9367645576499151
xai,grok-3-beta,fnqcj,coa,5,0.9221493033503475,0.8518518518518517,0.9282229965156794
xai,grok-3-beta,fnqcj,con,5,0.9491237212363898,0.9375,0.954506193843174
xai,grok-3-beta,fnqcj,csk,5,0.9270232650626367,0.8541666666666667,0.9379810802069857
xai,grok-3-beta,fnqcj,ctr,5,0.9126864058785389,0.693359375,0.9267222498297535
xai,grok-3-beta,fnqcj,dis,5,0.9230137678413539,0.771484375,0.9296162698061432
xai,grok-3-beta,fnqcj,eco,5,0.8652328589909446,1,0.8687752486016161
xai,grok-3-beta,fnqcj,eld,5,0.9245511501776696,0.8518518518518517,0.930996277897664
xai,grok-3-beta,fnqcj,far,5,0.8461969597550305,0.5833333333333333,0.8772591486183718
xai,grok-3-beta,fnqcj,fas,5,0.920737983243394,0.8250000000000001,0.9203654783389568
xai,grok-3-beta,fnqcj,fem,5,0.8752674428297536,0.8250000000000001,0.8809074384787471
xai,grok-3-beta,fnqcj,fis,5,0.9470057285391168,0.703125,0.9416966779980479
xai,grok-3-beta,fnqcj,fun,5,0.9752377791868397,1.4802973661668753e-16,0.975813250132536
xai,grok-3-beta,fnqcj,lan,5,0.9555722326454036,0.703125,0.948943054654837
xai,grok-3-beta,fnqcj,lib,5,0.9363266886007353,0.7777777777777777,0.9432688618244347
xai,grok-3-beta,fnqcj,nat,5,0.9361615785554727,0.5000000000000001,0.9407742314741174
xai,grok-3-beta,fnqcj,par,5,0.9319139129655472,0.8250000000000001,0.9357142857142856
xai,grok-3-beta,fnqcj,pop,5,0.9519850687510056,0.4199218749999997,0.9537385075508618
xai,grok-3-beta,fnqcj,soc,5,0.9171463980171104,0.6666666666666666,0.922148163466586
xai,grok-3-beta,fnqcj,sub,5,0.8806233886619739,0.5833333333333333,0.9040889526542325
xai,grok-3-beta,fnqcj,vil,5,0.9593496932515336,0.8666666666666667,0.9627377899145709
xai,grok-3-beta,forestera,ana,5,0.8452291510142748,0.888,0.9216144144144145
xai,grok-3-beta,forestera,coa,5,0.9519764335137356,0.7201086956521741,0.9569274305599816
xai,grok-3-beta,forestera,con,5,0.9466995150946348,0.8666666666666665,0.9521233974358972
xai,grok-3-beta,forestera,csk,5,0.9127033768941508,0.7565217391304347,0.9138567007341296
xai,grok-3-beta,forestera,ctr,5,0.951782723139507,0.6324324324324323,0.9481268724210051
xai,grok-3-beta,forestera,dis,5,0.9316918822622243,0.78125,0.9375693468451808
xai,grok-3-beta,forestera,eco,5,0.8690444503593292,0.7638888888888886,0.9090810611723159
xai,grok-3-beta,forestera,eld,5,0.9305314445201077,0.8492307692307692,0.9336900100979679
xai,grok-3-beta,forestera,far,5,0.9557711513768015,0.6764184397163121,0.9595882053889172
xai,grok-3-beta,forestera,fas,5,0.9500161465795901,0.8020833333333334,0.9508552357113057
xai,grok-3-beta,forestera,fem,5,0.9140658545004505,0.8270270270270269,0.9117120104055749
xai,grok-3-beta,forestera,fis,5,0.9585870238629322,0.7656249999999999,0.9581537479190895
xai,grok-3-beta,forestera,fun,5,0.9435404223298688,0.8,0.9493504469401788
xai,grok-3-beta,forestera,lan,5,0.9503842911687411,0.71875,0.9525285730137594
xai,grok-3-beta,forestera,lib,5,0.9521084258994301,0.6191489361702127,0.9499053104002905
xai,grok-3-beta,forestera,nat,5,0.9257852077001014,0.75,0.927025319719472
xai,grok-3-beta,forestera,par,5,0.9637264403894501,0.80078125,0.9610908538438164
xai,grok-3-beta,forestera,pop,5,0.8852706672261855,0.75,0.8941294811254855
xai,grok-3-beta,forestera,soc,5,0.9373590642287064,0.75,0.934393844874194
xai,grok-3-beta,forestera,sub,5,0.9573501117618763,0.8553191489361703,0.9653385186005314
xai,grok-3-beta,forestera,vil,5,0.9274319890433634,0.7700892857142858,0.9292899113634099
xai,grok-3-beta,fremantle,ana,5,0.9287157942545701,0.7218749999999999,0.9327262872628727
xai,grok-3-beta,fremantle,coa,5,0.9383141954570525,0.7599999999999998,0.9357191460956723
xai,grok-3-beta,fremantle,con,5,0.9463162680271764,0.6874999999999998,0.9431378040973111
xai,grok-3-beta,fremantle,csk,5,0.9015884834946635,0.8313253012048193,0.9176857641413404
xai,grok-3-beta,fremantle,ctr,5,0.9284117730460963,0.5812500000000002,0.9361549456832478
xai,grok-3-beta,fremantle,dis,5,0.9379321742004504,0.7189655172413791,0.9443023255813953
xai,grok-3-beta,fremantle,eco,5,0.9442910081153634,0.6285714285714287,0.9450082465342268
xai,grok-3-beta,fremantle,eld,5,0.9592592592592591,0.6824999999999998,0.9592422400228864
xai,grok-3-beta,fremantle,far,5,0.9330264902318834,0.7599999999999998,0.9451637955852521
xai,grok-3-beta,fremantle,fas,5,0.969004271945206,0.7056451612903226,0.9663998187448076
xai,grok-3-beta,fremantle,fem,5,0.9525984366537599,0.8417910447761194,0.9517437191694389
xai,grok-3-beta,fremantle,fis,5,0.9347251859968855,0.7880597014925375,0.9432858970879056
xai,grok-3-beta,fremantle,fun,5,0.9768865435356201,0.8514084507042253,0.9726467145559117
xai,grok-3-beta,fremantle,lan,5,0.9289953120175167,0.801492537313433,0.9399183440868772
xai,grok-3-beta,fremantle,lib,5,0.9086126043692095,0.7323529411764703,0.9268549287281405
xai,grok-3-beta,fremantle,nat,5,0.9705919923856278,0.717241379310345,0.9716796201937179
xai,grok-3-beta,fremantle,par,5,0.9097156298567648,0.6558139534883721,0.9259393906508586
xai,grok-3-beta,fremantle,pop,5,0.9700571428571427,0.752542372881356,0.9660949034263109
xai,grok-3-beta,fremantle,soc,5,0.9309726184523983,0.7571428571428573,0.9259420038201073
xai,grok-3-beta,fremantle,sub,5,0.9104524447994521,0.7604651162790698,0.9248774910160075
xai,grok-3-beta,fremantle,vil,5,0.9414692246360404,0.6558139534883721,0.9484772173797601
xai,grok-3-beta,uppsala_speaks,ana,5,0.8780640227607246,0.15123456790123524,0.8709864467534293
xai,grok-3-beta,uppsala_speaks,coa,5,0.9034619398357506,0.7103448275862069,0.9196827134200619
xai,grok-3-beta,uppsala_speaks,con,5,0.8727272727272724,0.6376811594202898,0.8988281118834156
xai,grok-3-beta,uppsala_speaks,csk,5,0.7999999999999999,0.7956521739130437,0.8917070390424622
xai,grok-3-beta,uppsala_speaks,ctr,5,0.9649072581252731,0.5894117647058824,0.9501503048317093
xai,grok-3-beta,uppsala_speaks,dis,5,0.9305331819262155,0.4021276595744681,0.9275827373344573
xai,grok-3-beta,uppsala_speaks,eco,5,0.9430884970998679,0.7591911764705883,0.926251577618847
xai,grok-3-beta,uppsala_speaks,eld,5,0.9559573141662693,0.6238095238095237,0.9548000421266288
xai,grok-3-beta,uppsala_speaks,far,5,0.9460771941160434,0.7007575757575758,0.9229927007299267
xai,grok-3-beta,uppsala_speaks,fas,5,0.8559334845049131,0.40344827586206927,0.8797304655594882
xai,grok-3-beta,uppsala_speaks,fem,5,0.905881155881156,0.7449799196787148,0.9099444262830992
xai,grok-3-beta,uppsala_speaks,fis,5,0.9360721371461156,0.7411764705882352,0.9359931712560463
xai,grok-3-beta,uppsala_speaks,fun,5,0.9245505690636318,0.732142857142857,0.9195329203442792
xai,grok-3-beta,uppsala_speaks,lan,5,0.9568100089901107,0.3765957446808513,0.9501133196134111
xai,grok-3-beta,uppsala_speaks,lib,5,0.9129858099288388,0.7404255319148936,0.9228110099696576
xai,grok-3-beta,uppsala_speaks,nat,5,0.918290119131044,0.732142857142857,0.9323768736616702
xai,grok-3-beta,uppsala_speaks,par,5,0.9446066456136167,0.6195175438596494,0.9368267987936234
xai,grok-3-beta,uppsala_speaks,pop,5,0.8864173893456471,0.7432432432432432,0.9195199823846747
xai,grok-3-beta,uppsala_speaks,soc,5,0.9124897923149926,0.7734939759036145,0.9182747210916223
xai,grok-3-beta,uppsala_speaks,sub,5,0.9135725320696418,0.6056603773584903,0.9035085133767601
xai,grok-3-beta,uppsala_speaks,vil,5,0.9420563634635489,0.7800000000000001,0.9084152621722845
xai,grok-3-beta,zh_winterthur,ana,5,0.8834848484848487,0.8232558139534882,0.8821738176231758
xai,grok-3-beta,zh_winterthur,coa,5,0.92608024691358,0.80625,0.8958765739587655
xai,grok-3-beta,zh_winterthur,con,5,0.878826858759969,0.8599999999999999,0.9144016227180528
xai,grok-3-beta,zh_winterthur,csk,5,0.7375160051216388,0.7291666666666667,0.8352786144578312
xai,grok-3-beta,zh_winterthur,ctr,5,0.8852065321805956,0.721153846153846,0.8941364180295172
xai,grok-3-beta,zh_winterthur,dis,5,0.8312040263259776,0.7333333333333334,0.8831856228458888
xai,grok-3-beta,zh_winterthur,eco,5,0.7928743961352658,0.7628571428571429,0.8570750237416904
xai,grok-3-beta,zh_winterthur,eld,5,0.9139508290451687,0.8347826086956521,0.916883963494133
xai,grok-3-beta,zh_winterthur,far,5,0.9068203650336215,0.8347826086956521,0.8992836072482091
xai,grok-3-beta,zh_winterthur,fas,5,0.9171227521501172,0.7602611940298508,0.921780135573239
xai,grok-3-beta,zh_winterthur,fem,5,0.8696483180428134,0.7956521739130435,0.8993333333333334
xai,grok-3-beta,zh_winterthur,fis,5,0.90842287694974,0.5666666666666667,0.9248722677389123
xai,grok-3-beta,zh_winterthur,fun,5,0.933846560631331,0.84,0.94237087408313
xai,grok-3-beta,zh_winterthur,lan,5,0.9005250461189158,0.8680555555555556,0.90667776159767
xai,grok-3-beta,zh_winterthur,lib,5,0.8759107293504104,0.8532467532467533,0.9155694254445964
xai,grok-3-beta,zh_winterthur,nat,5,0.9017052767052768,0.4999999999999999,0.9162902680223651
xai,grok-3-beta,zh_winterthur,par,5,0.9292324950920818,0.7812500000000001,0.9405105973025051
xai,grok-3-beta,zh_winterthur,pop,5,0.8246268656716418,0.7904411764705882,0.82960413080895
xai,grok-3-beta,zh_winterthur,soc,5,0.7886029411764707,0.46875,0.8545229244114003
xai,grok-3-beta,zh_winterthur,sub,5,0.9036315175745461,0.88125,0.9204341987466428
xai,grok-3-beta,zh_winterthur,vil,5,0.8331234256926953,0.7812500000000001,0.9095106649937263
