provider_model,survey,N,alpha_considerations,alpha_policies
anthropic/claude-3-5-haiku-20241022,acp,10,0.954645501233909,0.6322674418604651
anthropic/claude-3-5-haiku-20241022,auscj,10,0.8763595032273543,0.6046769367172778
anthropic/claude-3-5-haiku-20241022,bep,9,0.9261703644494373,0.7416666666666667
anthropic/claude-3-5-haiku-20241022,biobanking_mayo_ubc,10,0.8295692212908775,0.6932779947916667
anthropic/claude-3-5-haiku-20241022,biobanking_wa,10,0.87770668898987525,0.6622928176795579
anthropic/claude-3-5-haiku-20241022,ccps,10,0.8822469539702136,0.6260521885521885
anthropic/claude-3-5-haiku-20241022,ds_aargau,8,0.9352274649078302,0.6644067796610171
anthropic/claude-3-5-haiku-20241022,ds_bellinzona,8,0.9200364739378825,0.6218840579710148
anthropic/claude-3-5-haiku-20241022,energy_futures,10,0.8957033800977332,0.7056954137587239
anthropic/claude-3-5-haiku-20241022,fnqcj,10,0.9272807336580462,0.5288461538461537
anthropic/claude-3-5-haiku-20241022,forestera,10,0.8988348437211027,0.7179487179487181
anthropic/claude-3-5-haiku-20241022,fremantle,10,0.8762633631425568,0.6141666666666666
anthropic/claude-3-5-haiku-20241022,gbr,8,0.8833421470121628,0.719313063063063
anthropic/claude-3-5-haiku-20241022,swiss_health,9,0.805357760110612,0.6928571428571431
anthropic/claude-3-5-haiku-20241022,uppsala_speaks,10,0.9360716219449238,0.7403160040774719
anthropic/claude-3-5-haiku-20241022,valsamoggia,10,0.8365377577162378,0.5861297539149889
anthropic/claude-3-5-haiku-20241022,zh_thalwil,10,0.9166494880780601,0.7255251684502577
anthropic/claude-3-5-haiku-20241022,zh_uster,10,0.9077376171352076,0.7812598177819667
anthropic/claude-3-5-haiku-20241022,zh_winterthur,10,0.8769602218397403,0.4054687499999999
anthropic/claude-3-5-haiku-20241022,zukunft,9,0.7748068924539512,0.6912983425414366
anthropic/claude-3-5-sonnet-20241022,acp,20,0.8154485429289358,0.5257861635220126
anthropic/claude-3-5-sonnet-20241022,auscj,15,0.9044829807795557,0.5902480752780157
anthropic/claude-3-5-sonnet-20241022,bep,15,0.83913934426229575,0.7198183760683762
anthropic/claude-3-5-sonnet-20241022,biobanking_mayo_ubc,17,0.8201883498911704,0.66047619047619055
anthropic/claude-3-5-sonnet-20241022,biobanking_wa,15,0.8708151943005984,0.6156410256410256
anthropic/claude-3-5-sonnet-20241022,ccps,18,0.8136361506746634,0.5713722397476341
anthropic/claude-3-5-sonnet-20241022,ds_aargau,15,0.7922646862483307,0.6987179487179489
anthropic/claude-3-5-sonnet-20241022,ds_bellinzona,15,0.8114348543155575,0.6841485507246376
anthropic/claude-3-5-sonnet-20241022,energy_futures,14,0.857574249211881,0.6919564066360752
anthropic/claude-3-5-sonnet-20241022,fnqcj,20,0.876048971451002,0.7914244186046513
anthropic/claude-3-5-sonnet-20241022,forestera,19,0.8816682449494967,0.5143159536541889
anthropic/claude-3-5-sonnet-20241022,fremantle,15,0.8751542972809339,0.6847280334728033
anthropic/claude-3-5-sonnet-20241022,gbr,15,0.8907710280373834,0.4258607198748043
anthropic/claude-3-5-sonnet-20241022,swiss_health,15,0.7888666399679618,0.4260869565217393
anthropic/claude-3-5-sonnet-20241022,uppsala_speaks,20,0.8633143563027013,0.6875706214689264
anthropic/claude-3-5-sonnet-20241022,valsamoggia,15,0.8610109179134654,0.8663793103448276
anthropic/claude-3-5-sonnet-20241022,zh_thalwil,15,0.8350256048031075,0.5668238993710693
anthropic/claude-3-5-sonnet-20241022,zh_uster,15,0.7057595993322199,0.6204883227176221
anthropic/claude-3-5-sonnet-20241022,zh_winterthur,15,0.7197728596389047,0.5833333333333334
anthropic/claude-3-5-sonnet-20241022,zukunft,15,0.7540983606557377,0.41155234657039697
anthropic/claude-3-7-sonnet-20250219,acp,10,0.8956857829311609,0.6557765151515151
anthropic/claude-3-7-sonnet-20250219,ccps,10,0.9179044495884778,0.6069574247144343
anthropic/claude-3-7-sonnet-20250219,fnqcj,10,0.9245334322748473,0.7126524390243905
anthropic/claude-3-7-sonnet-20250219,forestera,8,0.8734765234765233,0.3492063492063493
anthropic/claude-3-7-sonnet-20250219,uppsala_speaks,10,0.8881448567912058,0.6869999999999999
anthropic/claude-3-haiku-20240307,acp,10,0.9021165707949267,0.3814469914040115
anthropic/claude-3-haiku-20240307,auscj,10,0.9080407058001402,0.6389835760768516
anthropic/claude-3-haiku-20240307,bep,9,0.908725427006123,0.6319444444444443
anthropic/claude-3-haiku-20240307,biobanking_mayo_ubc,10,0.9650690353754657,0.6979532163742689
anthropic/claude-3-haiku-20240307,biobanking_wa,10,0.9277389078498294,0.7097939729397293
anthropic/claude-3-haiku-20240307,ccps,10,0.8742162910385533,0.526098447307565
anthropic/claude-3-haiku-20240307,ds_aargau,10,0.9459126613787285,0.5897327707454292
anthropic/claude-3-haiku-20240307,ds_bellinzona,10,0.9278384496966405,0.5198483496877785
anthropic/claude-3-haiku-20240307,energy_futures,10,0.8320663441603324,0.7150297619047619
anthropic/claude-3-haiku-20240307,fnqcj,10,0.8421708284453383,0.5176767676767677
anthropic/claude-3-haiku-20240307,forestera,10,0.8998483645028525,0.5946892076502732
anthropic/claude-3-haiku-20240307,fremantle,10,0.9119475764894089,0.6713973799126637
anthropic/claude-3-haiku-20240307,gbr,9,0.8630197972908974,0.7020348837209305
anthropic/claude-3-haiku-20240307,swiss_health,10,0.8435784520721484,0.621268656716418
anthropic/claude-3-haiku-20240307,uppsala_speaks,10,0.8191848115118716,0.5138346354166665
anthropic/claude-3-haiku-20240307,valsamoggia,10,0.918903502542397,0.6202321724709783
anthropic/claude-3-haiku-20240307,zh_thalwil,10,0.9106954764141548,0.587874855824683
anthropic/claude-3-haiku-20240307,zh_uster,10,0.8837436362368368,0.5653609154929579
anthropic/claude-3-haiku-20240307,zh_winterthur,10,0.8839472461073673,0.5263157894736841
anthropic/claude-3-haiku-20240307,zukunft,10,0.8976781857451404,0.6767371601208461
anthropic/claude-3-opus-20240229,acp,2,0.99107795053741,0.890625
anthropic/claude-3-opus-20240229,auscj,2,1,0.9375
anthropic/claude-3-opus-20240229,bep,2,1,0.890625
anthropic/claude-3-opus-20240229,biobanking_mayo_ubc,2,0.9848608534322819,0.9333333333333333
anthropic/claude-3-opus-20240229,biobanking_wa,2,0.9954275262917238,0.9333333333333332
anthropic/claude-3-opus-20240229,ccps,2,0.9928385416666667,0.96
anthropic/claude-3-opus-20240229,ds_aargau,2,1,0.8999999999999999
anthropic/claude-3-opus-20240229,ds_bellinzona,2,0.9795918367346939,0.9375
anthropic/claude-3-opus-20240229,energy_futures,2,0.9914186851211072,0.920897284533648
anthropic/claude-3-opus-20240229,fnqcj,2,0.9935321821036108,-Inf
anthropic/claude-3-opus-20240229,forestera,2,0.9909763313609469,0.9166666666666667
anthropic/claude-3-opus-20240229,fremantle,2,0.9846052360338075,0.9375
anthropic/claude-3-opus-20240229,gbr,2,1,0.95
anthropic/claude-3-opus-20240229,swiss_health,2,1,1
anthropic/claude-3-opus-20240229,uppsala_speaks,2,0.9930555555555557,0.95
anthropic/claude-3-opus-20240229,valsamoggia,2,0.9957290109120986,0.9166666666666667
anthropic/claude-3-opus-20240229,zh_thalwil,2,0.9965397923875432,0.9333333333333332
anthropic/claude-3-opus-20240229,zh_uster,2,1,0.9629629629629629
anthropic/claude-3-opus-20240229,zh_winterthur,2,1,0.9375
anthropic/claude-3-opus-20240229,zukunft,2,0.9795918367346939,1
cohere/command,acp,20,0.876134125779476,0.48331656606304496
cohere/command,auscj,19,0.8747682392065682,0.5650510204081635
cohere/command,bep,16,0.8702921342693448,0.409946760161018
cohere/command,biobanking_mayo_ubc,18,0.7889886158540887,0.5331164497831163
cohere/command,biobanking_wa,17,0.7549429298259526,0.5845219901511293
cohere/command,ccps,15,0.8072719306555513,0.40447056941778653
cohere/command,ds_aargau,15,0.842992042585219,0.6106592929950121
cohere/command,ds_bellinzona,18,0.725125259936622,0.506587903539479
cohere/command,energy_futures,18,0.7859712744302682,0.49414922907489
cohere/command,fnqcj,19,0.7930277800500047,0.6388206388206388
cohere/command,forestera,19,0.7394393139864737,0.5762503613761205
cohere/command,fremantle,14,0.8703556032430304,0.5535264483627205
cohere/command,gbr,17,0.7369894389405481,0.5683269476372923
cohere/command,swiss_health,20,0.7429068022015641,0.34731230564193677
cohere/command,uppsala_speaks,18,0.7618855435897075,0.34171354899203
cohere/command,valsamoggia,14,0.8159714374875221,0.6210268948655258
cohere/command,zh_thalwil,17,0.7812453419042293,0.5041541541541541
cohere/command,zh_uster,18,0.7634436392914651,0.5509259259259258
cohere/command,zh_winterthur,19,0.775998279446556,0.5029118136439267
cohere/command,zukunft,14,0.7351441000901655,0.5237341772151901
cohere/command-r-08-2024,acp,20,0.9374153267410947,0.534372236958444
cohere/command-r-08-2024,auscj,20,0.9410441389610721,0.5146686961431763
cohere/command-r-08-2024,bep,20,0.8334738782850479,0.6785839160839162
cohere/command-r-08-2024,biobanking_mayo_ubc,20,0.9356005738131865,0.5054478989210675
cohere/command-r-08-2024,biobanking_wa,20,0.9198843233453239,0.5122863247863249
cohere/command-r-08-2024,ccps,20,0.8675905202978192,0.6116435562805875
cohere/command-r-08-2024,ds_aargau,20,0.783570522446305,0.6283359497645215
cohere/command-r-08-2024,ds_bellinzona,20,0.7637914209342781,0.47514446291458867
cohere/command-r-08-2024,energy_futures,20,0.8659305568609373,0.46558770108977693
cohere/command-r-08-2024,fnqcj,20,0.8215150815367768,0.5761485680190931
cohere/command-r-08-2024,forestera,20,0.8839941517009235,0.5155807365439095
cohere/command-r-08-2024,fremantle,20,0.7021152887169267,0.5084337349397591
cohere/command-r-08-2024,gbr,20,0.602975422358682,0.6582402812241522
cohere/command-r-08-2024,swiss_health,20,0.6415489012262993,0.6050257731958761
cohere/command-r-08-2024,uppsala_speaks,20,0.9467796637319823,0.6442141623488775
cohere/command-r-08-2024,valsamoggia,20,0.9501409312622616,0.5056603773584905
cohere/command-r-08-2024,zh_thalwil,20,0.6151855566700091,0.6017857142857145
cohere/command-r-08-2024,zh_uster,20,0.4482273975121845,0.5094661700806953
cohere/command-r-08-2024,zh_winterthur,20,0.8244952200316991,0.38306010928961753
cohere/command-r-08-2024,zukunft,20,0.5580155801558015,0.6285300506879073
cohere/command-r-plus-08-2024,acp,5,0.9634379496044903,0.763221153846154
cohere/command-r-plus-08-2024,auscj,4,0.9756717271168136,0.9005581972296879
cohere/command-r-plus-08-2024,bep,3,0.9852168115496063,0.88125
cohere/command-r-plus-08-2024,biobanking_mayo_ubc,5,0.930019095154368,0.7924528301886793
cohere/command-r-plus-08-2024,biobanking_wa,5,0.9621304910839478,0.8132603406326034
cohere/command-r-plus-08-2024,ccps,5,0.9003778010632264,0.8173449612403102
cohere/command-r-plus-08-2024,ds_aargau,5,0.8296550782671996,0.806640625
cohere/command-r-plus-08-2024,ds_bellinzona,5,0.8659793814432992,0.8056801195814649
cohere/command-r-plus-08-2024,energy_futures,1,NA,NA
cohere/command-r-plus-08-2024,fnqcj,5,0.9870301797386123,0.7552083333333335
cohere/command-r-plus-08-2024,forestera,5,0.9388206531229994,0.36166666666666675
cohere/command-r-plus-08-2024,fremantle,4,0.9267508357046164,0.7514018691588784
cohere/command-r-plus-08-2024,gbr,4,0.9867594548430434,0.8177083333333335
cohere/command-r-plus-08-2024,swiss_health,5,0.9320325900514579,0.9023622047244094
cohere/command-r-plus-08-2024,uppsala_speaks,5,0.9841661039837946,0.796228710462287
cohere/command-r-plus-08-2024,valsamoggia,5,0.956443648374401,0.6190476190476191
cohere/command-r-plus-08-2024,zh_thalwil,5,0.9465839239528405,0.8540787623066105
cohere/command-r-plus-08-2024,zh_uster,5,0.8990405582206716,0.6839788732394366
cohere/command-r-plus-08-2024,zh_winterthur,5,0.8868956364551633,0.8060869565217391
cohere/command-r-plus-08-2024,zukunft,5,0.8671435871231477,0.6685393258426966
cohere/command-r7b-12-2024,acp,30,0.8561738879802249,0.6481341019417476
cohere/command-r7b-12-2024,auscj,30,0.9433637711568251,0.4381222177256172
cohere/command-r7b-12-2024,bep,30,0.910615290820097,0.4292262162552334
cohere/command-r7b-12-2024,biobanking_mayo_ubc,30,0.7472311338113674,0.2719974309569688
cohere/command-r7b-12-2024,biobanking_wa,30,0.8654722262030232,0.4745024875621888
cohere/command-r7b-12-2024,ccps,30,0.8784791306897477,0.5109431407942239
cohere/command-r7b-12-2024,ds_aargau,30,0.8554385542651981,0.46500373031766584
cohere/command-r7b-12-2024,ds_bellinzona,30,0.859704984008104,0.43927267621454646
cohere/command-r7b-12-2024,energy_futures,30,0.9399386886514478,0.5114504024363717
cohere/command-r7b-12-2024,fnqcj,30,0.895535069148723,0.39817907124681917
cohere/command-r7b-12-2024,forestera,30,0.8882854435036095,0.4069563033651431
cohere/command-r7b-12-2024,fremantle,30,0.8965567981165389,0.5331512363427259
cohere/command-r7b-12-2024,gbr,30,0.8622267656183178,0.5022543532338312
cohere/command-r7b-12-2024,swiss_health,30,0.9186681689865325,0.47229946524064204
cohere/command-r7b-12-2024,uppsala_speaks,30,0.9316732735957316,0.5025372415453953
cohere/command-r7b-12-2024,valsamoggia,30,0.8189903593100419,0.4044776119402985
cohere/command-r7b-12-2024,zh_thalwil,30,0.8551051467326594,0.5046792266962199
cohere/command-r7b-12-2024,zh_uster,29,0.8332791906785629,0.4295286506469505
cohere/command-r7b-12-2024,zh_winterthur,30,0.8597805669715034,0.390043379467052
cohere/command-r7b-12-2024,zukunft,30,0.8154787873980353,0.6126066422912855
deepseek/deepseek-chat,acp,10,0.9184055270348908,0.6872775800711741
deepseek/deepseek-chat,auscj,10,0.9558979942983031,0.6500348432055749
deepseek/deepseek-chat,bep,10,0.8795152805919972,0.6356010324483778
deepseek/deepseek-chat,biobanking_mayo_ubc,10,0.9022283987748306,0.5556917211328974
deepseek/deepseek-chat,biobanking_wa,10,0.9305816521624473,0.6513635044966637
deepseek/deepseek-chat,ccps,10,0.8053708858686753,0.5626605033384695
deepseek/deepseek-chat,ds_aargau,10,0.9628983822532213,0.6559848484848485
deepseek/deepseek-chat,ds_bellinzona,10,0.8699654775604144,0.6497971976401181
deepseek/deepseek-chat,energy_futures,10,0.8778423714249103,0.7289870689655172
deepseek/deepseek-chat,fnqcj,10,0.923694174757282,0.5494858611825193
deepseek/deepseek-chat,forestera,10,0.8701224789283574,0.7042504187604691
deepseek/deepseek-chat,fremantle,10,0.9168914366422498,0.5194630872483221
deepseek/deepseek-chat,gbr,10,0.9339263024142318,0.638680815647108
deepseek/deepseek-chat,swiss_health,10,0.8523734330185945,0.6608108108108105
deepseek/deepseek-chat,uppsala_speaks,10,0.856226155847573,0.7418181818181818
deepseek/deepseek-chat,valsamoggia,10,0.8726507018992565,0.6031746031746029
deepseek/deepseek-chat,zh_thalwil,10,0.7899092558983662,0.6434254606365162
deepseek/deepseek-chat,zh_uster,10,0.9560913224706334,0.5901459854014598
deepseek/deepseek-chat,zh_winterthur,10,0.9158230671562407,0.8119507908611601
deepseek/deepseek-chat,zukunft,10,0.8632189463508941,0.6875715922107676
deepseek/deepseek-reasoner,acp,20,0.8307271671168146,0.49654500354358616
deepseek/deepseek-reasoner,auscj,20,0.8455237655745271,0.6198508009329758
deepseek/deepseek-reasoner,bep,20,0.8735300347678732,0.7029325329831803
deepseek/deepseek-reasoner,biobanking_mayo_ubc,20,0.7693180537471199,0.5243720095693782
deepseek/deepseek-reasoner,biobanking_wa,20,0.7219068719202418,0.4454487355062538
deepseek/deepseek-reasoner,ccps,20,0.7745721271393643,0.7757286831430602
deepseek/deepseek-reasoner,ds_aargau,20,0.8478068431113451,0.7594080435886781
deepseek/deepseek-reasoner,ds_bellinzona,20,0.7987620633305583,0.7435834155972361
deepseek/deepseek-reasoner,energy_futures,20,0.7320656280513131,0.5741791405118297
deepseek/deepseek-reasoner,fnqcj,20,0.8830793463784448,0.5172702883970491
deepseek/deepseek-reasoner,forestera,20,0.7972170356179795,0.39505597014925353
deepseek/deepseek-reasoner,fremantle,20,0.8599937245058047,0.6341356673960613
deepseek/deepseek-reasoner,gbr,20,0.8983646696767528,0.4977794627383016
deepseek/deepseek-reasoner,swiss_health,20,0.7373406193078327,0.7898314451505942
deepseek/deepseek-reasoner,uppsala_speaks,20,0.8061447545827475,0.5380502243865177
deepseek/deepseek-reasoner,valsamoggia,19,0.9370618096588886,0.48785228377065115
deepseek/deepseek-reasoner,zh_thalwil,20,0.8505902339155814,0.46462097059865365
deepseek/deepseek-reasoner,zh_uster,20,0.8685930512555897,0.6340822179732312
deepseek/deepseek-reasoner,zh_winterthur,20,0.7583636500018752,0.6468885672937771
deepseek/deepseek-reasoner,zukunft,20,0.545568509464711,0.5517805884463585
google/gemini-1.5-flash,acp,100,0.8185128496416321,0.3668408624981695
google/gemini-1.5-flash,auscj,50,0.7868377857473298,0.4499619865113427
google/gemini-1.5-flash,bep,47,0.6883969155142188,0.5827680878552972
google/gemini-1.5-flash,biobanking_mayo_ubc,100,0.7495145977317664,0.5932267090139142
google/gemini-1.5-flash,biobanking_wa,50,0.7751748966926183,0.47241183162684847
google/gemini-1.5-flash,ccps,93,0.7040618962926626,0.5359438456136065
google/gemini-1.5-flash,ds_aargau,47,0.6293042400637331,0.6093886044648769
google/gemini-1.5-flash,ds_bellinzona,62,0.6858012115285359,0.4264712890159638
google/gemini-1.5-flash,energy_futures,50,0.8624453550467395,0.3995503662780795
google/gemini-1.5-flash,fnqcj,100,0.7726592226560113,0.4194278035369907
google/gemini-1.5-flash,forestera,99,0.7308224262493506,0.449881110955319
google/gemini-1.5-flash,fremantle,50,0.8072564993695561,0.4218701500258662
google/gemini-1.5-flash,gbr,49,0.7457076387051247,0.4812336509715995
google/gemini-1.5-flash,swiss_health,50,0.7060507353666958,0.5351305930957218
google/gemini-1.5-flash,uppsala_speaks,89,0.837266526766767,0.5396189569273658
google/gemini-1.5-flash,valsamoggia,50,0.9641949876214393,0.5805389837482
google/gemini-1.5-flash,zh_thalwil,95,0.724938044955952,0.4855528876825464
google/gemini-1.5-flash,zh_uster,92,0.7453654789920474,0.34160386117255137
google/gemini-1.5-flash,zh_winterthur,98,0.7483999563348792,0.4397070679924751
google/gemini-1.5-flash,zukunft,43,0.6272562681735885,0.4393022155421954
google/gemini-1.5-flash-8b,acp,30,0.9092104424858987,0.5641766552511417
google/gemini-1.5-flash-8b,auscj,15,0.8257483435873172,0.5180430528375731
google/gemini-1.5-flash-8b,bep,13,0.8338222802772367,0.579724409448819
google/gemini-1.5-flash-8b,biobanking_mayo_ubc,25,0.8518700188598896,0.5102901484480432
google/gemini-1.5-flash-8b,biobanking_wa,14,0.7757921264284636,0.5926877741228072
google/gemini-1.5-flash-8b,ccps,28,0.8200953967131688,0.4426196007571847
google/gemini-1.5-flash-8b,ds_aargau,14,0.9223621802348188,0.5854199788023317
google/gemini-1.5-flash-8b,ds_bellinzona,20,0.9000118119536975,0.5128056083985064
google/gemini-1.5-flash-8b,energy_futures,15,0.8183437514272962,0.6103327824519227
google/gemini-1.5-flash-8b,fnqcj,30,0.8904317726019546,0.4992716957988347
google/gemini-1.5-flash-8b,forestera,25,0.7625969953073287,0.5538020833333333
google/gemini-1.5-flash-8b,fremantle,15,0.8384731351383947,0.6448654037886341
google/gemini-1.5-flash-8b,gbr,13,0.9267012772970746,0.5169567157518965
google/gemini-1.5-flash-8b,swiss_health,15,0.7746440306681276,0.4707317073170731
google/gemini-1.5-flash-8b,uppsala_speaks,30,0.8917168667520825,0.6639737831818013
google/gemini-1.5-flash-8b,valsamoggia,15,0.9542372626320382,0.5319865319865318
google/gemini-1.5-flash-8b,zh_thalwil,22,0.8672088484059858,0.7327024575292761
google/gemini-1.5-flash-8b,zh_uster,16,0.9084685598377282,0.580879407051282
google/gemini-1.5-flash-8b,zh_winterthur,25,0.8285484950890719,0.5423366834170852
google/gemini-1.5-flash-8b,zukunft,14,0.740516850536497,0.5598290598290598
google/gemini-1.5-pro,acp,20,0.8907125483212441,0.5059062742060422
google/gemini-1.5-pro,auscj,20,0.7636235801161475,0.5700549450549453
google/gemini-1.5-pro,bep,20,0.7811717061819066,0.769281045751634
google/gemini-1.5-pro,biobanking_mayo_ubc,20,0.8266762524173372,0.5692650014355439
google/gemini-1.5-pro,biobanking_wa,20,0.8100321650399291,0.6368211610486889
google/gemini-1.5-pro,ccps,20,0.7789311224489801,0.7685846646750659
google/gemini-1.5-pro,ds_aargau,20,0.8176379348548637,0.5431338028169014
google/gemini-1.5-pro,ds_bellinzona,18,0.7332049853075295,0.6362854897337654
google/gemini-1.5-pro,energy_futures,20,0.8639701418344351,0.7024032586558044
google/gemini-1.5-pro,fnqcj,20,0.8496930584536894,0.6857829670329669
google/gemini-1.5-pro,forestera,20,0.9041616498659525,0.6431748679455099
google/gemini-1.5-pro,fremantle,20,0.9057745774154854,0.590192873488068
google/gemini-1.5-pro,gbr,19,0.8237125709860612,0.5762461059190032
google/gemini-1.5-pro,swiss_health,20,0.7971689497716893,0.6438791732909379
google/gemini-1.5-pro,uppsala_speaks,20,0.9161024959992987,0.6488673139158576
google/gemini-1.5-pro,valsamoggia,20,0.9570970148094046,0.40949227373068453
google/gemini-1.5-pro,zh_thalwil,20,0.6810766721044046,0.6566437038416186
google/gemini-1.5-pro,zh_uster,18,0.6978714663517086,0.5783113622096673
google/gemini-1.5-pro,zh_winterthur,20,0.715477935189709,0.5891148982957669
google/gemini-1.5-pro,zukunft,18,0.6166313988564226,0.6068313241203566
google/gemini-2.0-flash,acp,20,0.8359478950727229,0.46110139860139854
google/gemini-2.0-flash,auscj,20,0.9012042911571749,0.6608840238326172
google/gemini-2.0-flash,bep,20,0.9056642509835948,0.7159090909090907
google/gemini-2.0-flash,biobanking_mayo_ubc,20,0.8076805962055854,0.5964154411764706
google/gemini-2.0-flash,biobanking_wa,20,0.8458475999531313,0.7678173719376393
google/gemini-2.0-flash,ccps,20,0.9240271444502103,0.6619092039800994
google/gemini-2.0-flash,ds_aargau,20,0.9105365669766272,0.6676997245179064
google/gemini-2.0-flash,ds_bellinzona,20,0.8647828989804114,0.6197916666666667
google/gemini-2.0-flash,energy_futures,20,0.8824652250947068,0.4918933054393305
google/gemini-2.0-flash,fnqcj,20,0.8153402495406521,0.7220394736842106
google/gemini-2.0-flash,forestera,20,0.8209129648760333,0.5919919369617004
google/gemini-2.0-flash,fremantle,20,0.9091279677338558,0.48952654232424664
google/gemini-2.0-flash,gbr,20,0.9068644007886323,0.6617821782178218
google/gemini-2.0-flash,swiss_health,20,0.8486385560043783,0.6288819875776398
google/gemini-2.0-flash,uppsala_speaks,20,0.8593399943041576,0.7435614962788877
google/gemini-2.0-flash,valsamoggia,20,0.9279150634760602,0.5555555555555556
google/gemini-2.0-flash,zh_thalwil,20,0.640418183515355,0.6514028375577874
google/gemini-2.0-flash,zh_uster,20,0.9122866380930896,0.6423117430226436
google/gemini-2.0-flash,zh_winterthur,20,0.7729014510859122,0.6072727272727271
google/gemini-2.0-flash,zukunft,20,0.5437052200614122,0.732799525504152
google/gemma2,acp,10,0.8656765075316655,0.4854368932038834
google/gemma2,auscj,10,0.8455360127005355,0.732807099004282
google/gemma2,bep,8,0.9256420029402745,0.8662162162162161
google/gemma2,biobanking_mayo_ubc,10,0.8300319751154395,0.6726010101010101
google/gemma2,biobanking_wa,9,0.8861827552393328,0.6426249144421631
google/gemma2,ccps,7,0.8896194016447421,0.7663157894736843
google/gemma2,ds_aargau,9,0.8903236198171838,0.7962904581757041
google/gemma2,ds_bellinzona,10,0.8146637728847974,0.7379844961240312
google/gemma2,energy_futures,9,0.8728354978354981,0.6554347826086954
google/gemma2,fnqcj,10,0.8832174017338633,0.44006849315068475
google/gemma2,forestera,9,0.860581580674396,0.7274610136452243
google/gemma2,fremantle,10,0.8325144997979315,0.6153310104529616
google/gemma2,gbr,8,0.9074066758838635,0.6644385026737967
google/gemma2,swiss_health,9,0.8061389648926742,0.673548387096774
google/gemma2,uppsala_speaks,10,0.8420769230769235,0.6319039689147933
google/gemma2,valsamoggia,10,0.8104163759513099,0.6517857142857144
google/gemma2,zh_thalwil,9,0.8431562684899087,0.5777363184079601
google/gemma2,zh_uster,9,0.8325641935865576,0.6515843997562463
google/gemma2,zh_winterthur,10,0.7492448206727559,0.5904761904761905
google/gemma2,zukunft,10,0.8004404362416104,0.533930510314875
meta/llama3.2,acp,12,0.8924561464250147,0.5381944444444446
meta/llama3.2,bep,20,0.8300632295499705,0.49295593320091236
meta/llama3.2,biobanking_mayo_ubc,20,0.8486971724199441,0.4652644230769227
meta/llama3.2,biobanking_wa,14,0.8974807055723134,0.7878904909028493
meta/llama3.2,ccps,18,0.831486375112832,0.4599867724867726
meta/llama3.2,ds_aargau,19,0.8215794076767592,0.5851608187134506
meta/llama3.2,ds_bellinzona,18,0.8746928438501302,0.5307208186181291
meta/llama3.2,energy_futures,11,0.917818832452979,0.6805976941747574
meta/llama3.2,fnqcj,19,0.8392932252292763,0.4689794419970629
meta/llama3.2,forestera,12,0.9059485062140497,0.5871964679911699
meta/llama3.2,fremantle,15,0.8380164823289513,0.48376383763837655
meta/llama3.2,gbr,16,0.8637875274591161,0.5457342511472674
meta/llama3.2,swiss_health,16,0.6685758916948713,0.47984445884640303
meta/llama3.2,uppsala_speaks,16,0.8953082640331483,0.6828646828646829
meta/llama3.2,valsamoggia,18,0.8764319673986867,0.47020301244269813
meta/llama3.2,zh_thalwil,4,0.9414226480208092,0.7951582867783986
meta/llama3.2,zh_uster,20,0.7977735158609442,0.528558052434457
meta/llama3.2,zh_winterthur,14,0.8631645351838052,0.4519303557910674
meta/llama3.2,zukunft,12,0.8434119577403099,0.571401515151515
microsoft/phi3.5,acp,17,0.8516396107522132,0.41876257545271645
microsoft/phi3.5,auscj,4,0.9720915333233553,0.7908005307386112
microsoft/phi3.5,bep,4,0.9390215374058422,0.8741396263520158
microsoft/phi3.5,biobanking_mayo_ubc,20,0.7984556250754086,0.5061413673232913
microsoft/phi3.5,biobanking_wa,4,0.9218621658143661,0.734567901234568
microsoft/phi3.5,ccps,18,0.892776359976585,0.5462707182320442
microsoft/phi3.5,ds_aargau,6,0.8652618135376756,0.8953488372093023
microsoft/phi3.5,ds_bellinzona,6,0.8781920903954801,0.8412981455064193
microsoft/phi3.5,energy_futures,9,0.8707269296540477,0.7082978542234332
microsoft/phi3.5,fnqcj,18,0.8360777615979694,0.34257322175732213
microsoft/phi3.5,forestera,18,0.8550210262876602,0.5118502558577969
microsoft/phi3.5,fremantle,8,0.859816373656475,0.6589285714285714
microsoft/phi3.5,gbr,15,0.7889060464218501,0.5338245738636365
microsoft/phi3.5,swiss_health,10,0.7518457752255948,0.48108925869894087
microsoft/phi3.5,uppsala_speaks,10,0.9143807287497353,0.5276162790697676
microsoft/phi3.5,valsamoggia,23,0.83874064775295,0.5628205128205127
microsoft/phi3.5,zh_thalwil,9,0.774588975856214,0.661008230452675
microsoft/phi3.5,zh_uster,13,0.8223743105489618,0.5164998146088248
microsoft/phi3.5,zh_winterthur,10,0.813494181701719,0.6066176470588234
microsoft/phi3.5,zukunft,9,0.814088598402324,0.75125
microsoft/phi4,acp,10,0.9345326137768888,0.5193370165745855
microsoft/phi4,auscj,10,0.9552644348844213,0.6493836113125453
microsoft/phi4,bep,8,0.9052932191007503,0.6021505376344086
microsoft/phi4,biobanking_mayo_ubc,10,0.8412363397589229,0.697463768115942
microsoft/phi4,biobanking_wa,9,0.8993956595613222,0.6410482921083629
microsoft/phi4,ccps,9,0.9006858791903859,0.7683765723270439
microsoft/phi4,ds_aargau,10,0.8418742138364785,0.5648148148148149
microsoft/phi4,ds_bellinzona,9,0.8014435695538058,0.7072016460905349
microsoft/phi4,energy_futures,10,0.9230761970085014,0.7248729755477927
microsoft/phi4,fnqcj,10,0.9169647201268726,0.47734627831715215
microsoft/phi4,forestera,10,0.8552993757756151,0.7258347978910369
microsoft/phi4,fremantle,10,0.8641198007131902,0.5999999999999999
microsoft/phi4,gbr,10,0.8626445121928358,0.690387016229713
microsoft/phi4,swiss_health,9,0.7708527710393728,0.5060869565217393
microsoft/phi4,uppsala_speaks,10,0.8929258172249773,0.6179138321995465
microsoft/phi4,valsamoggia,10,0.9455258123951131,0.7005208333333331
microsoft/phi4,zh_thalwil,10,0.8517975055025685,0.8155284552845529
microsoft/phi4,zh_uster,10,0.8289639863752922,0.7552083333333331
microsoft/phi4,zh_winterthur,7,0.8527465727341964,0.809375
microsoft/phi4,zukunft,9,0.7770242498972463,0.7203915950334289
mistralai/ministral-3b-latest,acp,5,0.9632844745031203,0.7261029411764707
mistralai/ministral-3b-latest,auscj,5,0.9073247914529584,0.7757805108798486
mistralai/ministral-3b-latest,bep,5,0.9093716433941997,0.5872222222222223
mistralai/ministral-3b-latest,biobanking_mayo_ubc,5,0.9354565067587015,0.7353286384976525
mistralai/ministral-3b-latest,biobanking_wa,5,0.9374499437611515,0.862410071942446
mistralai/ministral-3b-latest,ccps,5,0.9340814196242171,0.7479166666666667
mistralai/ministral-3b-latest,ds_aargau,8,0.9244098411183782,0.6761363636363634
mistralai/ministral-3b-latest,ds_bellinzona,7,0.943901053827223,0.8230593607305938
mistralai/ministral-3b-latest,energy_futures,5,0.9807444475887805,0.7669956140350878
mistralai/ministral-3b-latest,fnqcj,9,0.9639195163215407,0.7670454545454546
mistralai/ministral-3b-latest,forestera,5,0.9693829721605652,0.64463906581741
mistralai/ministral-3b-latest,fremantle,5,0.9224929289736052,0.7431818181818183
mistralai/ministral-3b-latest,gbr,6,0.9012779510667137,0.8113636363636364
mistralai/ministral-3b-latest,swiss_health,5,0.8566551591868048,0.8254335260115607
mistralai/ministral-3b-latest,uppsala_speaks,7,0.9918949088140278,0.6847461685823756
mistralai/ministral-3b-latest,valsamoggia,4,0.9556757517639398,0.7654320987654322
mistralai/ministral-3b-latest,zh_thalwil,5,0.7992063492063493,0.7336769759450172
mistralai/ministral-3b-latest,zh_uster,6,0.9566704049844238,0.7089235127478756
mistralai/ministral-3b-latest,zh_winterthur,8,0.9200477507291054,0.40250783699059556
mistralai/ministral-3b-latest,zukunft,9,0.7538953168044075,0.7614503816793894
mistralai/ministral-8b-latest,acp,8,0.9581203726689934,0.6553643724696356
mistralai/ministral-8b-latest,auscj,8,0.9115930859848068,0.5708226026359642
mistralai/ministral-8b-latest,bep,1,NA,NA
mistralai/ministral-8b-latest,biobanking_mayo_ubc,6,0.8897211182014934,0.6416666666666666
mistralai/ministral-8b-latest,biobanking_wa,4,0.8857998601588346,0.8447327044025157
mistralai/ministral-8b-latest,ccps,8,0.9520161465537844,0.798706716729245
mistralai/ministral-8b-latest,ds_aargau,2,0.9854813933898221,0.9506172839506174
mistralai/ministral-8b-latest,ds_bellinzona,9,0.802820657630522,0.7625968992248061
mistralai/ministral-8b-latest,energy_futures,4,0.9850945327047929,0.8300970873786406
mistralai/ministral-8b-latest,fnqcj,7,0.9495634395401328,0.6064356435643564
mistralai/ministral-8b-latest,forestera,7,0.8949205225128601,0.6759999999999998
mistralai/ministral-8b-latest,fremantle,6,0.890727314355491,0.5547619047619047
mistralai/ministral-8b-latest,gbr,4,0.9041635904278738,0.8326612903225807
mistralai/ministral-8b-latest,swiss_health,8,0.8502291618115436,0.6939560439560438
mistralai/ministral-8b-latest,uppsala_speaks,3,0.9737033121598463,0.8934599156118144
mistralai/ministral-8b-latest,valsamoggia,4,0.9337556895067043,0.8863636363636365
mistralai/ministral-8b-latest,zh_thalwil,7,0.85364819465736,0.7193352059925093
mistralai/ministral-8b-latest,zh_uster,6,0.9280834232290542,0.7455100574712645
mistralai/ministral-8b-latest,zh_winterthur,5,0.8837094186324377,0.6105263157894738
mistralai/ministral-8b-latest,zukunft,4,0.7323162274618584,0.8144654088050313
mistralai/mistral-large-latest,acp,20,0.9348079077458635,0.518794483985765
mistralai/mistral-large-latest,auscj,3,0.9405405405405406,0.8970099667774086
mistralai/mistral-large-latest,biobanking_wa,16,0.8877864411743173,0.5160590277777777
mistralai/mistral-large-latest,ccps,7,0.9024932632184812,0.4902482269503547
mistralai/mistral-large-latest,ds_aargau,15,0.8893225573296542,0.6252888503755055
mistralai/mistral-large-latest,ds_bellinzona,11,0.7332648267762779,0.567982456140351
mistralai/mistral-large-latest,energy_futures,9,0.9367470257517193,0.6197259463722397
mistralai/mistral-large-latest,fnqcj,13,0.8866370683336502,0.638241525423729
mistralai/mistral-large-latest,forestera,1,NA,NA
mistralai/mistral-large-latest,fremantle,10,0.8498182566353475,0.6316582914572864
mistralai/mistral-large-latest,swiss_health,9,0.86152273888605,0.8379310344827586
mistralai/mistral-large-latest,uppsala_speaks,17,0.9111256294218879,0.6040609137055838
mistralai/mistral-large-latest,zh_thalwil,8,0.9055172413793106,0.29666666666666713
mistralai/mistral-large-latest,zh_uster,10,0.8158557387702057,0.6919385796545107
mistralai/mistral-large-latest,zh_winterthur,5,0.9293478260869565,0.7875
mistralai/mistral-large-latest,zukunft,4,0.9593270868824533,0.75
mistralai/mistral-small-latest,acp,14,0.9170236379044944,0.5194954128440364
mistralai/mistral-small-latest,auscj,16,0.8624839751015556,0.5812161004852983
mistralai/mistral-small-latest,bep,18,0.8826249499310165,0.5976702508960574
mistralai/mistral-small-latest,biobanking_mayo_ubc,20,0.848846953462338,0.3686989705360313
mistralai/mistral-small-latest,biobanking_wa,18,0.8431101632708338,0.5224576835932294
mistralai/mistral-small-latest,ccps,20,0.8027928724883103,0.5435655180931209
mistralai/mistral-small-latest,ds_aargau,18,0.8790271530901218,0.19733427695211148
mistralai/mistral-small-latest,ds_bellinzona,19,0.8346570648904544,0.5713834092058675
mistralai/mistral-small-latest,energy_futures,19,0.8624102903647614,0.5617845331976595
mistralai/mistral-small-latest,fnqcj,20,0.854149045678536,0.6587349397590361
mistralai/mistral-small-latest,forestera,17,0.9062803968201425,0.5890067786619511
mistralai/mistral-small-latest,fremantle,12,0.8422844051710029,0.7070093457943927
mistralai/mistral-small-latest,gbr,15,0.8743202156127416,0.6143960350391887
mistralai/mistral-small-latest,swiss_health,15,0.8195138195138197,0.6649122807017543
mistralai/mistral-small-latest,uppsala_speaks,19,0.8777498606627988,0.5979166666666667
mistralai/mistral-small-latest,valsamoggia,20,0.9202106878591914,0.5689354275741711
mistralai/mistral-small-latest,zh_thalwil,18,0.8973563218390808,0.6572488584474886
mistralai/mistral-small-latest,zh_uster,12,0.8855873708585684,0.6253875968992249
mistralai/mistral-small-latest,zh_winterthur,12,0.8664248974166335,0.6941037735849057
mistralai/mistral-small-latest,zukunft,17,0.6906449819293856,0.6167143538388173
mistralai/open-mistral-7b,acp,1,NA,NA
mistralai/open-mistral-7b,bep,4,0.9110204081632655,0.852921646746348
mistralai/open-mistral-7b,biobanking_mayo_ubc,3,0.8965241709948063,0.8307692307692307
mistralai/open-mistral-7b,biobanking_wa,1,NA,NA
mistralai/open-mistral-7b,ccps,5,0.9441865852879144,0.7515206812652068
mistralai/open-mistral-7b,ds_aargau,4,0.9214812274987141,0.8119596541786742
mistralai/open-mistral-7b,ds_bellinzona,5,0.9018244465927967,0.7024647887323944
mistralai/open-mistral-7b,energy_futures,1,NA,NA
mistralai/open-mistral-7b,fnqcj,3,0.9743855591445016,0.8717105263157896
mistralai/open-mistral-7b,forestera,1,NA,NA
mistralai/open-mistral-7b,fremantle,3,0.9466176911972787,0.6428571428571429
mistralai/open-mistral-7b,swiss_health,5,0.8704761904761904,0.7846153846153845
mistralai/open-mistral-7b,uppsala_speaks,1,NA,NA
mistralai/open-mistral-7b,valsamoggia,1,NA,NA
mistralai/open-mistral-7b,zh_thalwil,5,0.9472408306189739,0.7559523809523812
mistralai/open-mistral-7b,zh_uster,3,0.9508328217720481,0.8947368421052633
mistralai/open-mistral-7b,zh_winterthur,4,0.9270079867389994,0.8204081632653061
mistralai/open-mistral-7b,zukunft,4,0.8690122933446375,0.7951582867783986
mistralai/open-mistral-nemo,acp,6,0.9277939536681784,0.7098214285714286
mistralai/open-mistral-nemo,auscj,1,NA,NA
mistralai/open-mistral-nemo,bep,2,0.9901412872841445,0.9114583333333334
mistralai/open-mistral-nemo,biobanking_mayo_ubc,5,0.9218154324537302,0.7384146341463416
mistralai/open-mistral-nemo,biobanking_wa,6,0.8929030415536194,0.6737288135593221
mistralai/open-mistral-nemo,ccps,4,0.9126620192435128,0.6994047619047618
mistralai/open-mistral-nemo,ds_aargau,7,0.86488131466829,0.8442520080321287
mistralai/open-mistral-nemo,ds_bellinzona,4,0.8979496301844396,0.7480916030534353
mistralai/open-mistral-nemo,energy_futures,9,0.8851146400214116,0.6505501361161524
mistralai/open-mistral-nemo,fnqcj,5,0.9237984351713856,0.6249999999999999
mistralai/open-mistral-nemo,forestera,10,0.9465814661520993,0.7485250737463129
mistralai/open-mistral-nemo,fremantle,5,0.953826270038148,0.680357142857143
mistralai/open-mistral-nemo,gbr,1,NA,NA
mistralai/open-mistral-nemo,swiss_health,6,0.9171513636420738,0.7263157894736841
mistralai/open-mistral-nemo,uppsala_speaks,6,0.9403124143600984,0.79216867469879515
mistralai/open-mistral-nemo,valsamoggia,5,0.9177374457187395,0.7916666666666666
mistralai/open-mistral-nemo,zh_thalwil,7,0.8668041737442369,0.6842948717948717
mistralai/open-mistral-nemo,zh_uster,6,0.8848718954642849,0.7827439423706614
mistralai/open-mistral-nemo,zh_winterthur,2,0.9948979591836734,0.8928571428571429
mistralai/open-mistral-nemo,zukunft,5,0.840539383561644,0.8425925925925927
mistralai/open-mixtral-8x22b,acp,27,0.9200323028997692,0.4937744140625001
mistralai/open-mixtral-8x22b,auscj,28,0.9541880206519798,0.47457770987182735
mistralai/open-mixtral-8x22b,bep,24,0.9495230644058341,0.515309601745772
mistralai/open-mixtral-8x22b,biobanking_mayo_ubc,29,0.8983566786570437,0.3942144373673036
mistralai/open-mixtral-8x22b,biobanking_wa,29,0.9369800074650159,0.4715113471752778
mistralai/open-mixtral-8x22b,ccps,26,0.9032958371169303,0.6693427716390424
mistralai/open-mixtral-8x22b,ds_aargau,27,0.9285022531425413,0.35857691172128725
mistralai/open-mixtral-8x22b,ds_bellinzona,27,0.9051560400240176,0.5727442605445813
mistralai/open-mixtral-8x22b,energy_futures,28,0.8415791792862425,0.5171163519958187
mistralai/open-mixtral-8x22b,fnqcj,24,0.9072353715518691,0.47670454545454544
mistralai/open-mixtral-8x22b,forestera,28,0.7949352844129981,0.5029456967213115
mistralai/open-mixtral-8x22b,fremantle,26,0.8466804334874042,0.40771719038816984
mistralai/open-mixtral-8x22b,gbr,23,0.8776768681768503,0.5094572368421053
mistralai/open-mixtral-8x22b,swiss_health,27,0.826424286918001,0.6271683673469389
mistralai/open-mixtral-8x22b,uppsala_speaks,30,0.9338999989897656,0.5029082292115467
mistralai/open-mixtral-8x22b,valsamoggia,24,0.9576676411121557,0.5671111111111111
mistralai/open-mixtral-8x22b,zh_thalwil,25,0.9437894329398104,0.5683038110574344
mistralai/open-mixtral-8x22b,zh_uster,24,0.9115398410343836,0.4346064814814815
mistralai/open-mixtral-8x22b,zh_winterthur,25,0.888485107300408,0.4804800000000001
mistralai/open-mixtral-8x22b,zukunft,18,0.8370974208205262,0.6751165501165501
mistralai/open-mixtral-8x7b,acp,17,0.9309820058888039,0.6476955307262572
mistralai/open-mixtral-8x7b,auscj,16,0.9046692112113398,0.48025353486104333
mistralai/open-mixtral-8x7b,bep,18,0.853214167773305,0.5788483796296299
mistralai/open-mixtral-8x7b,biobanking_mayo_ubc,15,0.77875287728225,0.6127615844544094
mistralai/open-mixtral-8x7b,biobanking_wa,18,0.8901239472910698,0.5793669402110202
mistralai/open-mixtral-8x7b,ccps,10,0.8492049108967186,0.6991854150504266
mistralai/open-mixtral-8x7b,ds_aargau,15,0.7799260696308733,0.6797192353643969
mistralai/open-mixtral-8x7b,ds_bellinzona,17,0.731372422263883,0.48630555555555566
mistralai/open-mixtral-8x7b,energy_futures,11,0.855245083662203,0.6531702394209354
mistralai/open-mixtral-8x7b,fnqcj,13,0.887686688974919,0.7912784679089027
mistralai/open-mixtral-8x7b,forestera,15,0.8480345931569511,0.6089181286549706
mistralai/open-mixtral-8x7b,gbr,19,0.8391174018133275,0.6072596225293505
mistralai/open-mixtral-8x7b,swiss_health,17,0.7253293763730055,0.4289752650176677
mistralai/open-mixtral-8x7b,uppsala_speaks,13,0.8868525568393445,0.3704011524822697
mistralai/open-mixtral-8x7b,valsamoggia,13,0.9001558033228683,0.6431159420289855
mistralai/open-mixtral-8x7b,zh_thalwil,16,0.8784337287046655,0.5762882447665058
mistralai/open-mixtral-8x7b,zh_uster,15,0.8044188041282758,0.592888715548622
mistralai/open-mixtral-8x7b,zh_winterthur,11,0.8003108003108005,0.6154241645244215
mistralai/open-mixtral-8x7b,zukunft,12,0.6094396688952566,0.6703786191536748
openai/gpt-3.5-turbo,acp,19,0.9644412709687309,0.5813335358444714
openai/gpt-3.5-turbo,auscj,14,0.9488130904442793,0.6159811074688943
openai/gpt-3.5-turbo,bep,20,0.9333204050537441,0.42749140893470794
openai/gpt-3.5-turbo,biobanking_mayo_ubc,20,0.8731714503488646,0.46456077015643804
openai/gpt-3.5-turbo,biobanking_wa,19,0.9565764790310599,0.5345915471923536
openai/gpt-3.5-turbo,ccps,20,0.8590886093027964,0.5950106157112527
openai/gpt-3.5-turbo,ds_aargau,19,0.9468073881745986,0.684087056544376
openai/gpt-3.5-turbo,ds_bellinzona,19,0.8431268765140603,0.5239226869455007
openai/gpt-3.5-turbo,energy_futures,20,0.9416601295247098,0.5928620778996456
openai/gpt-3.5-turbo,fnqcj,19,0.8181291888632694,0.56315963060686
openai/gpt-3.5-turbo,forestera,14,0.9454055517174583,0.605941326873907
openai/gpt-3.5-turbo,fremantle,18,0.8851057978238822,0.5407960199004974
openai/gpt-3.5-turbo,gbr,20,0.8153809050073861,0.6432122594607244
openai/gpt-3.5-turbo,swiss_health,19,0.8384710024308323,0.3619834710743799
openai/gpt-3.5-turbo,uppsala_speaks,19,0.9527674084799204,0.5306853969832591
openai/gpt-3.5-turbo,valsamoggia,20,0.8956570718202022,0.4852374839537868
openai/gpt-3.5-turbo,zh_thalwil,20,0.822608257804633,0.3300632911392406
openai/gpt-3.5-turbo,zh_uster,19,0.7265367454978393,0.635361008357309
openai/gpt-3.5-turbo,zh_winterthur,20,0.8714210850310031,0.4696449026345933
openai/gpt-3.5-turbo,zukunft,20,0.6969009190764401,0.5390193370165747
openai/gpt-4,acp,1,NA,NA
openai/gpt-4,auscj,1,NA,NA
openai/gpt-4,bep,1,NA,NA
openai/gpt-4,biobanking_mayo_ubc,1,NA,NA
openai/gpt-4,biobanking_wa,1,NA,NA
openai/gpt-4,ccps,1,NA,NA
openai/gpt-4,ds_aargau,1,NA,NA
openai/gpt-4,ds_bellinzona,1,NA,NA
openai/gpt-4,energy_futures,1,NA,NA
openai/gpt-4,fnqcj,1,NA,NA
openai/gpt-4,forestera,1,NA,NA
openai/gpt-4,fremantle,1,NA,NA
openai/gpt-4,gbr,1,NA,NA
openai/gpt-4,swiss_health,1,NA,NA
openai/gpt-4,uppsala_speaks,1,NA,NA
openai/gpt-4,valsamoggia,1,NA,NA
openai/gpt-4,zh_thalwil,1,NA,NA
openai/gpt-4,zh_uster,1,NA,NA
openai/gpt-4,zh_winterthur,1,NA,NA
openai/gpt-4,zukunft,1,NA,NA
openai/gpt-4-turbo,acp,2,0.9920817369093232,1
openai/gpt-4-turbo,auscj,2,0.9985207100591716,0.9679300291545189
openai/gpt-4-turbo,bep,2,0.9940828402366864,0.9650205761316873
openai/gpt-4-turbo,biobanking_mayo_ubc,2,0.9869445442567972,0.9629629629629629
openai/gpt-4-turbo,biobanking_wa,2,0.9932547399124938,0.9375
openai/gpt-4-turbo,ccps,2,0.99609375,0.9965277777777778
openai/gpt-4-turbo,ds_aargau,2,0.9999999999999999,0.9205729166666667
openai/gpt-4-turbo,ds_bellinzona,2,0.9935739001482946,0.9851851851851852
openai/gpt-4-turbo,energy_futures,2,0.9960852544584601,0.9519675925925927
openai/gpt-4-turbo,fnqcj,2,0.9945738375490442,0.888888888888889
openai/gpt-4-turbo,forestera,2,0.9927721561214278,0.96900826446281
openai/gpt-4-turbo,fremantle,2,0.9913657770800629,0.9468749999999999
openai/gpt-4-turbo,gbr,2,1,0.95
openai/gpt-4-turbo,swiss_health,2,1,0.8999999999999999
openai/gpt-4-turbo,uppsala_speaks,2,0.992797783933518,0.9629629629629629
openai/gpt-4-turbo,valsamoggia,2,0.9915633316346752,-Inf
openai/gpt-4-turbo,zh_thalwil,2,1,0.925
openai/gpt-4-turbo,zh_uster,2,1,0.9333333333333332
openai/gpt-4-turbo,zh_winterthur,2,1,0.95
openai/gpt-4-turbo,zukunft,2,1,1
openai/gpt-4o,acp,10,0.956282252945884,0.6668660287081338
openai/gpt-4o,auscj,10,0.9007575459188367,0.6495626822157432
openai/gpt-4o,bep,10,0.9261415620061555,0.7113436866981768
openai/gpt-4o,biobanking_mayo_ubc,10,0.8896999563666231,0.517814009661836
openai/gpt-4o,biobanking_wa,10,0.9011868949824525,0.7386294724075199
openai/gpt-4o,ccps,10,0.8921879423467596,0.7161332528180356
openai/gpt-4o,ds_aargau,10,0.876767676767677,0.5055555555555556
openai/gpt-4o,ds_bellinzona,10,0.889253486464315,0.6248167155425222
openai/gpt-4o,energy_futures,10,0.9163177830940991,0.7483658036400921
openai/gpt-4o,fnqcj,10,0.901416678837447,0.5900349650349651
openai/gpt-4o,forestera,10,0.8671115459156221,0.7254059216809935
openai/gpt-4o,fremantle,10,0.9212402026588141,0.7163999999999997
openai/gpt-4o,gbr,10,0.8695973474130476,0.6538504589209762
openai/gpt-4o,swiss_health,10,0.7348876642645182,0.5304878048780489
openai/gpt-4o,uppsala_speaks,10,0.9152339064374257,0.6288723667905824
openai/gpt-4o,valsamoggia,10,0.9700371674463651,0.5426356589147285
openai/gpt-4o,zh_thalwil,10,0.8558233792552463,0.5769927536231884
openai/gpt-4o,zh_uster,10,0.9013739389166016,0.6797396169571768
openai/gpt-4o,zh_winterthur,10,0.8180424226935856,0.5925373134328354
openai/gpt-4o,zukunft,10,0.5876393110435665,0.5354673880372709
openai/gpt-4o-mini,acp,20,0.9276344055063842,0.42908346134152575
openai/gpt-4o-mini,auscj,20,0.8173424568629615,0.45237721989563984
openai/gpt-4o-mini,bep,20,0.6764569657792137,0.6410115949968043
openai/gpt-4o-mini,biobanking_mayo_ubc,20,0.666097288564036,0.5088509197260063
openai/gpt-4o-mini,biobanking_wa,20,0.786522269147554,0.4204190118824267
openai/gpt-4o-mini,ccps,20,0.7836635073017935,0.5959058253267548
openai/gpt-4o-mini,ds_aargau,20,0.7786334436441502,0.5673169556840075
openai/gpt-4o-mini,ds_bellinzona,19,0.7822822005768084,0.6238425925925928
openai/gpt-4o-mini,energy_futures,20,0.7865067439071894,0.6436997553303041
openai/gpt-4o-mini,fnqcj,20,0.7813098545015852,0.4937089715536104
openai/gpt-4o-mini,forestera,20,0.8535886878546279,0.4650368033648791
openai/gpt-4o-mini,fremantle,20,0.8189275116574818,0.40777180653162476
openai/gpt-4o-mini,gbr,20,0.7080537468727734,0.4120795107033637
openai/gpt-4o-mini,swiss_health,20,0.7586469666821897,0.5626858945470933
openai/gpt-4o-mini,uppsala_speaks,20,0.7594033460995767,0.4458970792767736
openai/gpt-4o-mini,valsamoggia,20,0.780502081415902,0.41394335511982555
openai/gpt-4o-mini,zh_thalwil,19,0.8397966963151211,0.5796524439102564
openai/gpt-4o-mini,zh_uster,18,0.8061170848267623,0.5974476246680437
openai/gpt-4o-mini,zh_winterthur,20,0.7096756105083127,0.36394984326018825
openai/gpt-4o-mini,zukunft,20,0.5588108000133167,0.4748117727583847
